img0031.jpg,1245315,47e73274,\2015-05\Danielle And Holly Harlow\,{SCG2~2015-05~56979535~Danielle And Holly Harlow}
img0032.jpg,1253179,40358833,\2015-05\Danielle And Holly Harlow\,{SCG2~2015-05~56979535~Danielle And Holly Harlow}
img0033.jpg,1281653,1fb2ad32,\2015-05\Danielle And Holly Harlow\,{SCG2~2015-05~56979535~Danielle And Holly Harlow}
img0034.jpg,1317381,143d5d11,\2015-05\Danielle And Holly Harlow\,{SCG2~2015-05~56979535~Danielle And Holly Harlow}
img0035.jpg,1291338,708312ba,\2015-05\Danielle And Holly Harlow\,{SCG2~2015-05~56979535~Danielle And Holly Harlow}
img0036.jpg,1375635,27ab60a4,\2015-05\Danielle And Holly Harlow\,{SCG2~2015-05~56979535~Danielle And Holly Harlow}
img0037.jpg,1326855,6c79b06b,\2015-05\Danielle And Holly Harlow\,{SCG2~2015-05~56979535~Danielle And Holly Harlow}
img0038.jpg,1284641,3f046610,\2015-05\Danielle And Holly Harlow\,{SCG2~2015-05~56979535~Danielle And Holly Harlow}
img0039.jpg,1203029,cf8ef6ab,\2015-05\Danielle And Holly Harlow\,{SCG2~2015-05~56979535~Danielle And Holly Harlow}
img0040.jpg,1246701,932e6b72,\2015-05\Danielle And Holly Harlow\,{SCG2~2015-05~56979535~Danielle And Holly Harlow}
img0041.jpg,1239423,5099aeb5,\2015-05\Danielle And Holly Harlow\,{SCG2~2015-05~56979535~Danielle And Holly Harlow}
img0042.jpg,1221487,34c0a59b,\2015-05\Danielle And Holly Harlow\,{SCG2~2015-05~56979535~Danielle And Holly Harlow}
img0043.jpg,1239029,4607ca18,\2015-05\Danielle And Holly Harlow\,{SCG2~2015-05~56979535~Danielle And Holly Harlow}
img0044.jpg,1224661,f9de06ff,\2015-05\Danielle And Holly Harlow\,{SCG2~2015-05~56979535~Danielle And Holly Harlow}
img0045.jpg,1229106,088fa6de,\2015-05\Danielle And Holly Harlow\,{SCG2~2015-05~56979535~Danielle And Holly Harlow}
img0046.jpg,1223150,23b79ac5,\2015-05\Danielle And Holly Harlow\,{SCG2~2015-05~56979535~Danielle And Holly Harlow}
img0047.jpg,1197297,aac3ae27,\2015-05\Danielle And Holly Harlow\,{SCG2~2015-05~56979535~Danielle And Holly Harlow}
img0048.jpg,1222097,e8ac3e2d,\2015-05\Danielle And Holly Harlow\,{SCG2~2015-05~56979535~Danielle And Holly Harlow}
img0049.jpg,1216761,15bc00c8,\2015-05\Danielle And Holly Harlow\,{SCG2~2015-05~56979535~Danielle And Holly Harlow}
img0050.jpg,1247531,69053e61,\2015-05\Danielle And Holly Harlow\,{SCG2~2015-05~56979535~Danielle And Holly Harlow}
img0051.jpg,1254613,c4084b18,\2015-05\Danielle And Holly Harlow\,{SCG2~2015-05~56979535~Danielle And Holly Harlow}
img0052.jpg,1242008,d5b49551,\2015-05\Danielle And Holly Harlow\,{SCG2~2015-05~56979535~Danielle And Holly Harlow}
img0053.jpg,1205561,e2578477,\2015-05\Danielle And Holly Harlow\,{SCG2~2015-05~56979535~Danielle And Holly Harlow}
img0054.jpg,1195446,c4a4311f,\2015-05\Danielle And Holly Harlow\,{SCG2~2015-05~56979535~Danielle And Holly Harlow}
img0055.jpg,1216231,f250ca26,\2015-05\Danielle And Holly Harlow\,{SCG2~2015-05~56979535~Danielle And Holly Harlow}
img0057.jpg,1261231,e3e009be,\2015-05\Danielle And Holly Harlow\,{SCG2~2015-05~56979535~Danielle And Holly Harlow}
img0058.jpg,1192727,882a260e,\2015-05\Danielle And Holly Harlow\,{SCG2~2015-05~56979535~Danielle And Holly Harlow}
img0059.jpg,1244896,f846f9d4,\2015-05\Danielle And Holly Harlow\,{SCG2~2015-05~56979535~Danielle And Holly Harlow}
img0060.jpg,1255716,41b88a2b,\2015-05\Danielle And Holly Harlow\,{SCG2~2015-05~56979535~Danielle And Holly Harlow}
img0061.jpg,1210460,d2f52a05,\2015-05\Danielle And Holly Harlow\,{SCG2~2015-05~56979535~Danielle And Holly Harlow}
img0062.jpg,1201695,3e8f1897,\2015-05\Danielle And Holly Harlow\,{SCG2~2015-05~56979535~Danielle And Holly Harlow}
img0063.jpg,1219665,d435d43a,\2015-05\Danielle And Holly Harlow\,{SCG2~2015-05~56979535~Danielle And Holly Harlow}
img0064.jpg,1257119,2447ef1c,\2015-05\Danielle And Holly Harlow\,{SCG2~2015-05~56979535~Danielle And Holly Harlow}
img0065.jpg,1233400,27097653,\2015-05\Danielle And Holly Harlow\,{SCG2~2015-05~56979535~Danielle And Holly Harlow}
img0233.jpg,1190565,d085fa4a,\2015-05\Danielle And Holly Harlow\,{SCG2~2015-05~56979535~Danielle And Holly Harlow}
img0234.jpg,1181715,2e143444,\2015-05\Danielle And Holly Harlow\,{SCG2~2015-05~56979535~Danielle And Holly Harlow}
img0235.jpg,1209361,94073119,\2015-05\Danielle And Holly Harlow\,{SCG2~2015-05~56979535~Danielle And Holly Harlow}
img0236.jpg,1193361,f2fc71b0,\2015-05\Danielle And Holly Harlow\,{SCG2~2015-05~56979535~Danielle And Holly Harlow}
img0237.jpg,1212535,69654509,\2015-05\Danielle And Holly Harlow\,{SCG2~2015-05~56979535~Danielle And Holly Harlow}
img0238.jpg,1260240,38f20a33,\2015-05\Danielle And Holly Harlow\,{SCG2~2015-05~56979535~Danielle And Holly Harlow}
img0239.jpg,1156907,ec940841,\2015-05\Danielle And Holly Harlow\,{SCG2~2015-05~56979535~Danielle And Holly Harlow}
img0240.jpg,1170554,fd65a0c5,\2015-05\Danielle And Holly Harlow\,{SCG2~2015-05~56979535~Danielle And Holly Harlow}
img0242.jpg,1207880,6859d100,\2015-05\Danielle And Holly Harlow\,{SCG2~2015-05~56979535~Danielle And Holly Harlow}
img0243.jpg,1227991,0852440e,\2015-05\Danielle And Holly Harlow\,{SCG2~2015-05~56979535~Danielle And Holly Harlow}
img0244.jpg,1179944,3071bc7e,\2015-05\Danielle And Holly Harlow\,{SCG2~2015-05~56979535~Danielle And Holly Harlow}
img0245.jpg,1224255,33b57248,\2015-05\Danielle And Holly Harlow\,{SCG2~2015-05~56979535~Danielle And Holly Harlow}
img0246.jpg,1157069,b91d2fcf,\2015-05\Danielle And Holly Harlow\,{SCG2~2015-05~56979535~Danielle And Holly Harlow}
img0247.jpg,1208925,8b07e117,\2015-05\Danielle And Holly Harlow\,{SCG2~2015-05~56979535~Danielle And Holly Harlow}
img0248.jpg,1185831,689578ea,\2015-05\Danielle And Holly Harlow\,{SCG2~2015-05~56979535~Danielle And Holly Harlow}
img0249.jpg,1218657,8cf270db,\2015-05\Danielle And Holly Harlow\,{SCG2~2015-05~56979535~Danielle And Holly Harlow}
img0250.jpg,1275844,08d62597,\2015-05\Danielle And Holly Harlow\,{SCG2~2015-05~56979535~Danielle And Holly Harlow}
img0251.jpg,1263680,91352a02,\2015-05\Danielle And Holly Harlow\,{SCG2~2015-05~56979535~Danielle And Holly Harlow}
img0252.jpg,1321968,bec3f683,\2015-05\Danielle And Holly Harlow\,{SCG2~2015-05~56979535~Danielle And Holly Harlow}
img0253.jpg,1289530,ba7ebec8,\2015-05\Danielle And Holly Harlow\,{SCG2~2015-05~56979535~Danielle And Holly Harlow}
img0254.jpg,1035954,1acab650,\2015-05\Danielle And Holly Harlow\,{SCG2~2015-05~56979535~Danielle And Holly Harlow}
img0255.jpg,1063518,111b27d7,\2015-05\Danielle And Holly Harlow\,{SCG2~2015-05~56979535~Danielle And Holly Harlow}
img0256.jpg,1099931,cb9b034d,\2015-05\Danielle And Holly Harlow\,{SCG2~2015-05~56979535~Danielle And Holly Harlow}
img0257.jpg,1096226,78ddb1cc,\2015-05\Danielle And Holly Harlow\,{SCG2~2015-05~56979535~Danielle And Holly Harlow}
img0258.jpg,1091646,0336293e,\2015-05\Danielle And Holly Harlow\,{SCG2~2015-05~56979535~Danielle And Holly Harlow}
img0259.jpg,1108671,d57c97f5,\2015-05\Danielle And Holly Harlow\,{SCG2~2015-05~56979535~Danielle And Holly Harlow}
img0260.jpg,1114444,f5843ebc,\2015-05\Danielle And Holly Harlow\,{SCG2~2015-05~56979535~Danielle And Holly Harlow}
img0261.jpg,1158990,2e999bf4,\2015-05\Danielle And Holly Harlow\,{SCG2~2015-05~56979535~Danielle And Holly Harlow}
img0262.jpg,1017603,c30b870b,\2015-05\Danielle And Holly Harlow\,{SCG2~2015-05~56979535~Danielle And Holly Harlow}
img0263.jpg,1018923,8cde06db,\2015-05\Danielle And Holly Harlow\,{SCG2~2015-05~56979535~Danielle And Holly Harlow}
img0264.jpg,1052281,c7042a08,\2015-05\Danielle And Holly Harlow\,{SCG2~2015-05~56979535~Danielle And Holly Harlow}
img0266.jpg,1001078,220b1376,\2015-05\Danielle And Holly Harlow\,{SCG2~2015-05~56979535~Danielle And Holly Harlow}
img0267.jpg,887761,4bb4ff3c,\2015-05\Danielle And Holly Harlow\,{SCG2~2015-05~56979535~Danielle And Holly Harlow}
img0268.jpg,896271,2d0b5835,\2015-05\Danielle And Holly Harlow\,{SCG2~2015-05~56979535~Danielle And Holly Harlow}
img0269.jpg,1053041,83e4a771,\2015-05\Danielle And Holly Harlow\,{SCG2~2015-05~56979535~Danielle And Holly Harlow}
img0270.jpg,1103721,52dafe3f,\2015-05\Danielle And Holly Harlow\,{SCG2~2015-05~56979535~Danielle And Holly Harlow}
img0272.jpg,1184544,ee8caf96,\2015-05\Danielle And Holly Harlow\,{SCG2~2015-05~56979535~Danielle And Holly Harlow}
img0273.jpg,1180212,7e7f16d4,\2015-05\Danielle And Holly Harlow\,{SCG2~2015-05~56979535~Danielle And Holly Harlow}
img0274.jpg,1209483,0f11c14b,\2015-05\Danielle And Holly Harlow\,{SCG2~2015-05~56979535~Danielle And Holly Harlow}
img0275.jpg,1190755,c3cce18b,\2015-05\Danielle And Holly Harlow\,{SCG2~2015-05~56979535~Danielle And Holly Harlow}
img0276.jpg,1216611,ba708321,\2015-05\Danielle And Holly Harlow\,{SCG2~2015-05~56979535~Danielle And Holly Harlow}
img0277.jpg,1185898,a4c6cffe,\2015-05\Danielle And Holly Harlow\,{SCG2~2015-05~56979535~Danielle And Holly Harlow}
img0278.jpg,1220188,4f8c4ea3,\2015-05\Danielle And Holly Harlow\,{SCG2~2015-05~56979535~Danielle And Holly Harlow}
img0279.jpg,1165837,4696c9a3,\2015-05\Danielle And Holly Harlow\,{SCG2~2015-05~56979535~Danielle And Holly Harlow}
img0282.jpg,1214160,360289d8,\2015-05\Danielle And Holly Harlow\,{SCG2~2015-05~56979535~Danielle And Holly Harlow}
img0283.jpg,1191643,9b248c5b,\2015-05\Danielle And Holly Harlow\,{SCG2~2015-05~56979535~Danielle And Holly Harlow}
img0284.jpg,1188138,f9436fb2,\2015-05\Danielle And Holly Harlow\,{SCG2~2015-05~56979535~Danielle And Holly Harlow}
img0285.jpg,1240990,7d69e09c,\2015-05\Danielle And Holly Harlow\,{SCG2~2015-05~56979535~Danielle And Holly Harlow}
img0286.jpg,1262212,ee0e8439,\2015-05\Danielle And Holly Harlow\,{SCG2~2015-05~56979535~Danielle And Holly Harlow}
img0287.jpg,1266531,82ff4f14,\2015-05\Danielle And Holly Harlow\,{SCG2~2015-05~56979535~Danielle And Holly Harlow}
img0288.jpg,1203422,0394560b,\2015-05\Danielle And Holly Harlow\,{SCG2~2015-05~56979535~Danielle And Holly Harlow}
img0289.jpg,1207873,30106b7e,\2015-05\Danielle And Holly Harlow\,{SCG2~2015-05~56979535~Danielle And Holly Harlow}
img0290.jpg,1221593,78ad36f4,\2015-05\Danielle And Holly Harlow\,{SCG2~2015-05~56979535~Danielle And Holly Harlow}
img0291.jpg,1200402,ac305b49,\2015-05\Danielle And Holly Harlow\,{SCG2~2015-05~56979535~Danielle And Holly Harlow}
img0293.jpg,1172892,9b31e9fc,\2015-05\Danielle And Holly Harlow\,{SCG2~2015-05~56979535~Danielle And Holly Harlow}
img0295.jpg,1068454,b1a46c19,\2015-05\Danielle And Holly Harlow\,{SCG2~2015-05~56979535~Danielle And Holly Harlow}
img0296.jpg,1051969,c3c44842,\2015-05\Danielle And Holly Harlow\,{SCG2~2015-05~56979535~Danielle And Holly Harlow}
img0297.jpg,1082370,e0997d52,\2015-05\Danielle And Holly Harlow\,{SCG2~2015-05~56979535~Danielle And Holly Harlow}
img0300.jpg,1033906,8d690a1a,\2015-05\Danielle And Holly Harlow\,{SCG2~2015-05~56979535~Danielle And Holly Harlow}
img0301.jpg,991620,e957cb3c,\2015-05\Danielle And Holly Harlow\,{SCG2~2015-05~56979535~Danielle And Holly Harlow}
img0302.jpg,984430,98b53edd,\2015-05\Danielle And Holly Harlow\,{SCG2~2015-05~56979535~Danielle And Holly Harlow}
img0303.jpg,972776,1aebbeee,\2015-05\Danielle And Holly Harlow\,{SCG2~2015-05~56979535~Danielle And Holly Harlow}
img0304.jpg,987579,8623c559,\2015-05\Danielle And Holly Harlow\,{SCG2~2015-05~56979535~Danielle And Holly Harlow}
img0305.jpg,988722,45cfa262,\2015-05\Danielle And Holly Harlow\,{SCG2~2015-05~56979535~Danielle And Holly Harlow}
img0307.jpg,1035853,add8b6eb,\2015-05\Danielle And Holly Harlow\,{SCG2~2015-05~56979535~Danielle And Holly Harlow}
img0308.jpg,1029584,2017c486,\2015-05\Danielle And Holly Harlow\,{SCG2~2015-05~56979535~Danielle And Holly Harlow}
img0309.jpg,1034723,7e3e7513,\2015-05\Danielle And Holly Harlow\,{SCG2~2015-05~56979535~Danielle And Holly Harlow}
img0310.jpg,1029646,557181c9,\2015-05\Danielle And Holly Harlow\,{SCG2~2015-05~56979535~Danielle And Holly Harlow}
img0311.jpg,1021471,976f1b8f,\2015-05\Danielle And Holly Harlow\,{SCG2~2015-05~56979535~Danielle And Holly Harlow}
img0312.jpg,1024936,8a239c88,\2015-05\Danielle And Holly Harlow\,{SCG2~2015-05~56979535~Danielle And Holly Harlow}
img0313.jpg,1026147,b4d7213d,\2015-05\Danielle And Holly Harlow\,{SCG2~2015-05~56979535~Danielle And Holly Harlow}
img0314.jpg,1019706,a67ae0a0,\2015-05\Danielle And Holly Harlow\,{SCG2~2015-05~56979535~Danielle And Holly Harlow}
img0315.jpg,1026702,ac15937d,\2015-05\Danielle And Holly Harlow\,{SCG2~2015-05~56979535~Danielle And Holly Harlow}
img0316.jpg,1009089,56709dec,\2015-05\Danielle And Holly Harlow\,{SCG2~2015-05~56979535~Danielle And Holly Harlow}
img0317.jpg,1022446,5aa7e72e,\2015-05\Danielle And Holly Harlow\,{SCG2~2015-05~56979535~Danielle And Holly Harlow}
img0318.jpg,1046279,ab407679,\2015-05\Danielle And Holly Harlow\,{SCG2~2015-05~56979535~Danielle And Holly Harlow}
img0319.jpg,1051588,558f6404,\2015-05\Danielle And Holly Harlow\,{SCG2~2015-05~56979535~Danielle And Holly Harlow}
img0320.jpg,1018831,dc68756c,\2015-05\Danielle And Holly Harlow\,{SCG2~2015-05~56979535~Danielle And Holly Harlow}
img0321.jpg,1031403,dcab6009,\2015-05\Danielle And Holly Harlow\,{SCG2~2015-05~56979535~Danielle And Holly Harlow}
img0322.jpg,1026760,0e6e1b2c,\2015-05\Danielle And Holly Harlow\,{SCG2~2015-05~56979535~Danielle And Holly Harlow}
img0323.jpg,1029431,e6c58e78,\2015-05\Danielle And Holly Harlow\,{SCG2~2015-05~56979535~Danielle And Holly Harlow}
img0324.jpg,1006620,e5cfcd3f,\2015-05\Danielle And Holly Harlow\,{SCG2~2015-05~56979535~Danielle And Holly Harlow}
img0325.jpg,1031216,e814c9f0,\2015-05\Danielle And Holly Harlow\,{SCG2~2015-05~56979535~Danielle And Holly Harlow}
img0326.jpg,1035950,5ca8c6fe,\2015-05\Danielle And Holly Harlow\,{SCG2~2015-05~56979535~Danielle And Holly Harlow}
img0327.jpg,1091806,62f0f65e,\2015-05\Danielle And Holly Harlow\,{SCG2~2015-05~56979535~Danielle And Holly Harlow}
img0328.jpg,1096712,c2cde268,\2015-05\Danielle And Holly Harlow\,{SCG2~2015-05~56979535~Danielle And Holly Harlow}
img0329.jpg,1150515,5c011af0,\2015-05\Danielle And Holly Harlow\,{SCG2~2015-05~56979535~Danielle And Holly Harlow}
img0330.jpg,1088311,73fcade8,\2015-05\Danielle And Holly Harlow\,{SCG2~2015-05~56979535~Danielle And Holly Harlow}
img0331.jpg,1120271,0d75769f,\2015-05\Danielle And Holly Harlow\,{SCG2~2015-05~56979535~Danielle And Holly Harlow}
img0332.jpg,1106632,fe0054ec,\2015-05\Danielle And Holly Harlow\,{SCG2~2015-05~56979535~Danielle And Holly Harlow}
img0333.jpg,1103478,925cd26f,\2015-05\Danielle And Holly Harlow\,{SCG2~2015-05~56979535~Danielle And Holly Harlow}
img0334.jpg,1083273,1fb47cde,\2015-05\Danielle And Holly Harlow\,{SCG2~2015-05~56979535~Danielle And Holly Harlow}
img0336.jpg,1107052,4efe0732,\2015-05\Danielle And Holly Harlow\,{SCG2~2015-05~56979535~Danielle And Holly Harlow}
img0337.jpg,1086161,9b10a2a3,\2015-05\Danielle And Holly Harlow\,{SCG2~2015-05~56979535~Danielle And Holly Harlow}
img0338.jpg,1089324,d65f16b5,\2015-05\Danielle And Holly Harlow\,{SCG2~2015-05~56979535~Danielle And Holly Harlow}
img0339.jpg,1109844,a8db26b1,\2015-05\Danielle And Holly Harlow\,{SCG2~2015-05~56979535~Danielle And Holly Harlow}
img0340.jpg,1085264,a5622c52,\2015-05\Danielle And Holly Harlow\,{SCG2~2015-05~56979535~Danielle And Holly Harlow}
img0341.jpg,1116363,5bc06339,\2015-05\Danielle And Holly Harlow\,{SCG2~2015-05~56979535~Danielle And Holly Harlow}
img0342.jpg,1080959,c710282d,\2015-05\Danielle And Holly Harlow\,{SCG2~2015-05~56979535~Danielle And Holly Harlow}
img0343.jpg,1111650,c5e85ac3,\2015-05\Danielle And Holly Harlow\,{SCG2~2015-05~56979535~Danielle And Holly Harlow}
img0344.jpg,1148071,9b0969d2,\2015-05\Danielle And Holly Harlow\,{SCG2~2015-05~56979535~Danielle And Holly Harlow}
img0345.jpg,1141409,4b373394,\2015-05\Danielle And Holly Harlow\,{SCG2~2015-05~56979535~Danielle And Holly Harlow}
img0346.jpg,1186908,3160acfe,\2015-05\Danielle And Holly Harlow\,{SCG2~2015-05~56979535~Danielle And Holly Harlow}
img0347.jpg,1124776,5670d3b6,\2015-05\Danielle And Holly Harlow\,{SCG2~2015-05~56979535~Danielle And Holly Harlow}
img0348.jpg,1116996,d5b904b4,\2015-05\Danielle And Holly Harlow\,{SCG2~2015-05~56979535~Danielle And Holly Harlow}
img0349.jpg,1109420,9a668cb1,\2015-05\Danielle And Holly Harlow\,{SCG2~2015-05~56979535~Danielle And Holly Harlow}
img0350.jpg,1140785,d8d2f0a4,\2015-05\Danielle And Holly Harlow\,{SCG2~2015-05~56979535~Danielle And Holly Harlow}
img0351.jpg,1116587,11af51dc,\2015-05\Danielle And Holly Harlow\,{SCG2~2015-05~56979535~Danielle And Holly Harlow}
img0352.jpg,1122269,e62cb378,\2015-05\Danielle And Holly Harlow\,{SCG2~2015-05~56979535~Danielle And Holly Harlow}
img0353.jpg,1132685,d02c0c65,\2015-05\Danielle And Holly Harlow\,{SCG2~2015-05~56979535~Danielle And Holly Harlow}
img0354.jpg,1127092,9b3a21af,\2015-05\Danielle And Holly Harlow\,{SCG2~2015-05~56979535~Danielle And Holly Harlow}
img0355.jpg,1139213,31bdc9ab,\2015-05\Danielle And Holly Harlow\,{SCG2~2015-05~56979535~Danielle And Holly Harlow}
img0356.jpg,948898,5d2f5919,\2015-05\Danielle And Holly Harlow\,{SCG2~2015-05~56979535~Danielle And Holly Harlow}
img0357.jpg,958734,7fe3008b,\2015-05\Danielle And Holly Harlow\,{SCG2~2015-05~56979535~Danielle And Holly Harlow}
img0358.jpg,975361,97a7a25f,\2015-05\Danielle And Holly Harlow\,{SCG2~2015-05~56979535~Danielle And Holly Harlow}
img0360.jpg,1004605,2070fc79,\2015-05\Danielle And Holly Harlow\,{SCG2~2015-05~56979535~Danielle And Holly Harlow}
img0361.jpg,1035910,afa31c9a,\2015-05\Danielle And Holly Harlow\,{SCG2~2015-05~56979535~Danielle And Holly Harlow}
img0362.jpg,1003315,0bfdf869,\2015-05\Danielle And Holly Harlow\,{SCG2~2015-05~56979535~Danielle And Holly Harlow}
img0363.jpg,1001097,b76b3f76,\2015-05\Danielle And Holly Harlow\,{SCG2~2015-05~56979535~Danielle And Holly Harlow}
img0364.jpg,1000152,84fbc111,\2015-05\Danielle And Holly Harlow\,{SCG2~2015-05~56979535~Danielle And Holly Harlow}
img0365.jpg,1071534,6dd18b80,\2015-05\Danielle And Holly Harlow\,{SCG2~2015-05~56979535~Danielle And Holly Harlow}
img0366.jpg,1062931,6a78a99f,\2015-05\Danielle And Holly Harlow\,{SCG2~2015-05~56979535~Danielle And Holly Harlow}
img0367.jpg,1090213,c697b741,\2015-05\Danielle And Holly Harlow\,{SCG2~2015-05~56979535~Danielle And Holly Harlow}
img0368.jpg,1115552,c135c7bb,\2015-05\Danielle And Holly Harlow\,{SCG2~2015-05~56979535~Danielle And Holly Harlow}
img0369.jpg,1096981,8ecd40b9,\2015-05\Danielle And Holly Harlow\,{SCG2~2015-05~56979535~Danielle And Holly Harlow}
img0370.jpg,1109543,ebbf8a3f,\2015-05\Danielle And Holly Harlow\,{SCG2~2015-05~56979535~Danielle And Holly Harlow}
img0371.jpg,944703,9e29116f,\2015-05\Danielle And Holly Harlow\,{SCG2~2015-05~56979535~Danielle And Holly Harlow}
img0372.jpg,1031806,74363d22,\2015-05\Danielle And Holly Harlow\,{SCG2~2015-05~56979535~Danielle And Holly Harlow}
img0373.jpg,973811,816728c9,\2015-05\Danielle And Holly Harlow\,{SCG2~2015-05~56979535~Danielle And Holly Harlow}
img0374.jpg,994969,c8d1f28a,\2015-05\Danielle And Holly Harlow\,{SCG2~2015-05~56979535~Danielle And Holly Harlow}
img0375.jpg,989136,cf16961c,\2015-05\Danielle And Holly Harlow\,{SCG2~2015-05~56979535~Danielle And Holly Harlow}
img0376.jpg,991634,e895b6a8,\2015-05\Danielle And Holly Harlow\,{SCG2~2015-05~56979535~Danielle And Holly Harlow}
img0377.jpg,1039661,59c89824,\2015-05\Danielle And Holly Harlow\,{SCG2~2015-05~56979535~Danielle And Holly Harlow}
img0378.jpg,1113810,efe10fd0,\2015-05\Danielle And Holly Harlow\,{SCG2~2015-05~56979535~Danielle And Holly Harlow}
img0379.jpg,918449,37c113bb,\2015-05\Danielle And Holly Harlow\,{SCG2~2015-05~56979535~Danielle And Holly Harlow}
img0380.jpg,965480,89a32bd6,\2015-05\Danielle And Holly Harlow\,{SCG2~2015-05~56979535~Danielle And Holly Harlow}
img0381.jpg,931035,8852e613,\2015-05\Danielle And Holly Harlow\,{SCG2~2015-05~56979535~Danielle And Holly Harlow}
img0382.jpg,933752,f9ef7253,\2015-05\Danielle And Holly Harlow\,{SCG2~2015-05~56979535~Danielle And Holly Harlow}
img0383.jpg,1163846,3130e2f0,\2015-05\Danielle And Holly Harlow\,{SCG2~2015-05~56979535~Danielle And Holly Harlow}
img0384.jpg,1193970,89f0f255,\2015-05\Danielle And Holly Harlow\,{SCG2~2015-05~56979535~Danielle And Holly Harlow}
img0385.jpg,1206140,8bb0d9c9,\2015-05\Danielle And Holly Harlow\,{SCG2~2015-05~56979535~Danielle And Holly Harlow}
img0386.jpg,1181006,5c5bdb77,\2015-05\Danielle And Holly Harlow\,{SCG2~2015-05~56979535~Danielle And Holly Harlow}
img0387.jpg,1177139,144d41e1,\2015-05\Danielle And Holly Harlow\,{SCG2~2015-05~56979535~Danielle And Holly Harlow}
img0388.jpg,1177506,356bc79b,\2015-05\Danielle And Holly Harlow\,{SCG2~2015-05~56979535~Danielle And Holly Harlow}
img0389.jpg,1226299,80da5d3f,\2015-05\Danielle And Holly Harlow\,{SCG2~2015-05~56979535~Danielle And Holly Harlow}
img0390.jpg,1273010,0c3329db,\2015-05\Danielle And Holly Harlow\,{SCG2~2015-05~56979535~Danielle And Holly Harlow}
img0391.jpg,1221422,56a1c13f,\2015-05\Danielle And Holly Harlow\,{SCG2~2015-05~56979535~Danielle And Holly Harlow}
img0392.jpg,1246014,e4512309,\2015-05\Danielle And Holly Harlow\,{SCG2~2015-05~56979535~Danielle And Holly Harlow}
img0393.jpg,1213440,b2ceb34e,\2015-05\Danielle And Holly Harlow\,{SCG2~2015-05~56979535~Danielle And Holly Harlow}
img0394.jpg,1122391,65979069,\2015-05\Danielle And Holly Harlow\,{SCG2~2015-05~56979535~Danielle And Holly Harlow}
img0397.jpg,1137760,9e70db5e,\2015-05\Danielle And Holly Harlow\,{SCG2~2015-05~56979535~Danielle And Holly Harlow}
img0398.jpg,1202851,cc202584,\2015-05\Danielle And Holly Harlow\,{SCG2~2015-05~56979535~Danielle And Holly Harlow}
img0399.jpg,1192316,a772bab9,\2015-05\Danielle And Holly Harlow\,{SCG2~2015-05~56979535~Danielle And Holly Harlow}
img0400.jpg,1224342,fbf4dc26,\2015-05\Danielle And Holly Harlow\,{SCG2~2015-05~56979535~Danielle And Holly Harlow}
img0402.jpg,1228905,d0326156,\2015-05\Danielle And Holly Harlow\,{SCG2~2015-05~56979535~Danielle And Holly Harlow}
img0403.jpg,1190569,3e8b93e2,\2015-05\Danielle And Holly Harlow\,{SCG2~2015-05~56979535~Danielle And Holly Harlow}
img0404.jpg,1071282,dd607587,\2015-05\Danielle And Holly Harlow\,{SCG2~2015-05~56979535~Danielle And Holly Harlow}
img0405.jpg,993970,7ad145fb,\2015-05\Danielle And Holly Harlow\,{SCG2~2015-05~56979535~Danielle And Holly Harlow}
img0406.jpg,1050790,000d9413,\2015-05\Danielle And Holly Harlow\,{SCG2~2015-05~56979535~Danielle And Holly Harlow}
img0410.jpg,1069521,36a2eb2c,\2015-05\Danielle And Holly Harlow\,{SCG2~2015-05~56979535~Danielle And Holly Harlow}
img0411.jpg,1203812,e69022b6,\2015-05\Danielle And Holly Harlow\,{SCG2~2015-05~56979535~Danielle And Holly Harlow}
img0413.jpg,1026331,cc953522,\2015-05\Danielle And Holly Harlow\,{SCG2~2015-05~56979535~Danielle And Holly Harlow}
img0414.jpg,960367,1d387be4,\2015-05\Danielle And Holly Harlow\,{SCG2~2015-05~56979535~Danielle And Holly Harlow}
img0415.jpg,912879,42bd1a8c,\2015-05\Danielle And Holly Harlow\,{SCG2~2015-05~56979535~Danielle And Holly Harlow}
img0416.jpg,898476,0af6a334,\2015-05\Danielle And Holly Harlow\,{SCG2~2015-05~56979535~Danielle And Holly Harlow}
img0417.jpg,1047247,27b6d170,\2015-05\Danielle And Holly Harlow\,{SCG2~2015-05~56979535~Danielle And Holly Harlow}
img0418.jpg,1049660,84be886e,\2015-05\Danielle And Holly Harlow\,{SCG2~2015-05~56979535~Danielle And Holly Harlow}
img0419.jpg,1027142,70bd6e24,\2015-05\Danielle And Holly Harlow\,{SCG2~2015-05~56979535~Danielle And Holly Harlow}
img0421.jpg,1015365,affd525b,\2015-05\Danielle And Holly Harlow\,{SCG2~2015-05~56979535~Danielle And Holly Harlow}
img0422.jpg,1016350,024e5b42,\2015-05\Danielle And Holly Harlow\,{SCG2~2015-05~56979535~Danielle And Holly Harlow}
img0423.jpg,1024411,7850c037,\2015-05\Danielle And Holly Harlow\,{SCG2~2015-05~56979535~Danielle And Holly Harlow}
img0424.jpg,1008381,6e9c6bfc,\2015-05\Danielle And Holly Harlow\,{SCG2~2015-05~56979535~Danielle And Holly Harlow}
img0425.jpg,952380,5c81b844,\2015-05\Danielle And Holly Harlow\,{SCG2~2015-05~56979535~Danielle And Holly Harlow}
img0426.jpg,1046826,fa9ddde0,\2015-05\Danielle And Holly Harlow\,{SCG2~2015-05~56979535~Danielle And Holly Harlow}
img0427.jpg,1010442,0132424c,\2015-05\Danielle And Holly Harlow\,{SCG2~2015-05~56979535~Danielle And Holly Harlow}
img0428.jpg,1050564,14515198,\2015-05\Danielle And Holly Harlow\,{SCG2~2015-05~56979535~Danielle And Holly Harlow}
img0429.jpg,1069863,0ac18897,\2015-05\Danielle And Holly Harlow\,{SCG2~2015-05~56979535~Danielle And Holly Harlow}
img0430.jpg,1026774,e2cde6bd,\2015-05\Danielle And Holly Harlow\,{SCG2~2015-05~56979535~Danielle And Holly Harlow}
img0431.jpg,1032251,a015dc8c,\2015-05\Danielle And Holly Harlow\,{SCG2~2015-05~56979535~Danielle And Holly Harlow}
img0432.jpg,1069597,856f4ead,\2015-05\Danielle And Holly Harlow\,{SCG2~2015-05~56979535~Danielle And Holly Harlow}
img0433.jpg,1079579,72f50066,\2015-05\Danielle And Holly Harlow\,{SCG2~2015-05~56979535~Danielle And Holly Harlow}
img0434.jpg,1063040,3572c8ce,\2015-05\Danielle And Holly Harlow\,{SCG2~2015-05~56979535~Danielle And Holly Harlow}
img0435.jpg,1074730,33c4c013,\2015-05\Danielle And Holly Harlow\,{SCG2~2015-05~56979535~Danielle And Holly Harlow}
img0436.jpg,999104,a1ba162d,\2015-05\Danielle And Holly Harlow\,{SCG2~2015-05~56979535~Danielle And Holly Harlow}
img0437.jpg,1014077,5f624a60,\2015-05\Danielle And Holly Harlow\,{SCG2~2015-05~56979535~Danielle And Holly Harlow}
img0438.jpg,1011913,f3eb9824,\2015-05\Danielle And Holly Harlow\,{SCG2~2015-05~56979535~Danielle And Holly Harlow}
img0439.jpg,1019708,ce6bef52,\2015-05\Danielle And Holly Harlow\,{SCG2~2015-05~56979535~Danielle And Holly Harlow}
img0440.jpg,1005997,a89a15c6,\2015-05\Danielle And Holly Harlow\,{SCG2~2015-05~56979535~Danielle And Holly Harlow}
img0441.jpg,1010173,d309f65f,\2015-05\Danielle And Holly Harlow\,{SCG2~2015-05~56979535~Danielle And Holly Harlow}
img0442.jpg,981658,b7771d1a,\2015-05\Danielle And Holly Harlow\,{SCG2~2015-05~56979535~Danielle And Holly Harlow}
img0443.jpg,984539,b587e589,\2015-05\Danielle And Holly Harlow\,{SCG2~2015-05~56979535~Danielle And Holly Harlow}
img0444.jpg,950964,1d8f3d9c,\2015-05\Danielle And Holly Harlow\,{SCG2~2015-05~56979535~Danielle And Holly Harlow}
img0445.jpg,1201586,e71cdb3b,\2015-05\Danielle And Holly Harlow\,{SCG2~2015-05~56979535~Danielle And Holly Harlow}
img0446.jpg,1206787,03103d09,\2015-05\Danielle And Holly Harlow\,{SCG2~2015-05~56979535~Danielle And Holly Harlow}
img0447.jpg,1204473,f254226d,\2015-05\Danielle And Holly Harlow\,{SCG2~2015-05~56979535~Danielle And Holly Harlow}
img0448.jpg,1218668,dc31062e,\2015-05\Danielle And Holly Harlow\,{SCG2~2015-05~56979535~Danielle And Holly Harlow}
img0449.jpg,1227075,dda52a4f,\2015-05\Danielle And Holly Harlow\,{SCG2~2015-05~56979535~Danielle And Holly Harlow}
img0450.jpg,972147,cee91be2,\2015-05\Danielle And Holly Harlow\,{SCG2~2015-05~56979535~Danielle And Holly Harlow}
img0451.jpg,949181,7149ff48,\2015-05\Danielle And Holly Harlow\,{SCG2~2015-05~56979535~Danielle And Holly Harlow}
img0453.jpg,976225,2f7ce0f9,\2015-05\Danielle And Holly Harlow\,{SCG2~2015-05~56979535~Danielle And Holly Harlow}
img0454.jpg,963480,b5b90974,\2015-05\Danielle And Holly Harlow\,{SCG2~2015-05~56979535~Danielle And Holly Harlow}
img0455.jpg,956092,1b89bbf1,\2015-05\Danielle And Holly Harlow\,{SCG2~2015-05~56979535~Danielle And Holly Harlow}
img0456.jpg,937076,a72c2bef,\2015-05\Danielle And Holly Harlow\,{SCG2~2015-05~56979535~Danielle And Holly Harlow}
img0457.jpg,918612,a44edbcf,\2015-05\Danielle And Holly Harlow\,{SCG2~2015-05~56979535~Danielle And Holly Harlow}
img0458.jpg,986898,2f062622,\2015-05\Danielle And Holly Harlow\,{SCG2~2015-05~56979535~Danielle And Holly Harlow}
img0459.jpg,957766,e30051b1,\2015-05\Danielle And Holly Harlow\,{SCG2~2015-05~56979535~Danielle And Holly Harlow}
img0460.jpg,977788,ec0056ab,\2015-05\Danielle And Holly Harlow\,{SCG2~2015-05~56979535~Danielle And Holly Harlow}
img0461.jpg,998098,223ce3f6,\2015-05\Danielle And Holly Harlow\,{SCG2~2015-05~56979535~Danielle And Holly Harlow}
img0462.jpg,941724,27b53746,\2015-05\Danielle And Holly Harlow\,{SCG2~2015-05~56979535~Danielle And Holly Harlow}
img0463.jpg,946722,e59df459,\2015-05\Danielle And Holly Harlow\,{SCG2~2015-05~56979535~Danielle And Holly Harlow}
img0464.jpg,998556,efe52215,\2015-05\Danielle And Holly Harlow\,{SCG2~2015-05~56979535~Danielle And Holly Harlow}
img0465.jpg,1027347,02032eb3,\2015-05\Danielle And Holly Harlow\,{SCG2~2015-05~56979535~Danielle And Holly Harlow}
img0466.jpg,995688,5072fd74,\2015-05\Danielle And Holly Harlow\,{SCG2~2015-05~56979535~Danielle And Holly Harlow}
img0467.jpg,994811,cd0c0319,\2015-05\Danielle And Holly Harlow\,{SCG2~2015-05~56979535~Danielle And Holly Harlow}
img0468.jpg,1110662,6ed4a713,\2015-05\Danielle And Holly Harlow\,{SCG2~2015-05~56979535~Danielle And Holly Harlow}
img0469.jpg,1044410,70811cbc,\2015-05\Danielle And Holly Harlow\,{SCG2~2015-05~56979535~Danielle And Holly Harlow}
img0470.jpg,982907,f3ff518b,\2015-05\Danielle And Holly Harlow\,{SCG2~2015-05~56979535~Danielle And Holly Harlow}
img0471.jpg,1021449,bdedf485,\2015-05\Danielle And Holly Harlow\,{SCG2~2015-05~56979535~Danielle And Holly Harlow}
img0472.jpg,993872,7ded267e,\2015-05\Danielle And Holly Harlow\,{SCG2~2015-05~56979535~Danielle And Holly Harlow}
img0473.jpg,997358,af3cde4b,\2015-05\Danielle And Holly Harlow\,{SCG2~2015-05~56979535~Danielle And Holly Harlow}
img0474.jpg,1021728,083690eb,\2015-05\Danielle And Holly Harlow\,{SCG2~2015-05~56979535~Danielle And Holly Harlow}
img0475.jpg,987978,689df346,\2015-05\Danielle And Holly Harlow\,{SCG2~2015-05~56979535~Danielle And Holly Harlow}
img0476.jpg,1005895,7d8200f6,\2015-05\Danielle And Holly Harlow\,{SCG2~2015-05~56979535~Danielle And Holly Harlow}
img0477.jpg,974551,8e13adf0,\2015-05\Danielle And Holly Harlow\,{SCG2~2015-05~56979535~Danielle And Holly Harlow}
img0478.jpg,995284,4c41aa8f,\2015-05\Danielle And Holly Harlow\,{SCG2~2015-05~56979535~Danielle And Holly Harlow}
img0479.jpg,987536,512f9b39,\2015-05\Danielle And Holly Harlow\,{SCG2~2015-05~56979535~Danielle And Holly Harlow}
img0480.jpg,1147093,18904c5a,\2015-05\Danielle And Holly Harlow\,{SCG2~2015-05~56979535~Danielle And Holly Harlow}
img0481.jpg,1176117,eaf35cb6,\2015-05\Danielle And Holly Harlow\,{SCG2~2015-05~56979535~Danielle And Holly Harlow}
img0482.jpg,990849,512c31e0,\2015-05\Danielle And Holly Harlow\,{SCG2~2015-05~56979535~Danielle And Holly Harlow}
img0483.jpg,956849,605ffb0d,\2015-05\Danielle And Holly Harlow\,{SCG2~2015-05~56979535~Danielle And Holly Harlow}
img0484.jpg,956016,48dd7f19,\2015-05\Danielle And Holly Harlow\,{SCG2~2015-05~56979535~Danielle And Holly Harlow}
img0485.jpg,958610,965dbe2f,\2015-05\Danielle And Holly Harlow\,{SCG2~2015-05~56979535~Danielle And Holly Harlow}
img0486.jpg,931212,871e8bdd,\2015-05\Danielle And Holly Harlow\,{SCG2~2015-05~56979535~Danielle And Holly Harlow}
img0487.jpg,1003208,eb226319,\2015-05\Danielle And Holly Harlow\,{SCG2~2015-05~56979535~Danielle And Holly Harlow}
img0488.jpg,991357,126289fd,\2015-05\Danielle And Holly Harlow\,{SCG2~2015-05~56979535~Danielle And Holly Harlow}
img0489.jpg,980708,69e89e76,\2015-05\Danielle And Holly Harlow\,{SCG2~2015-05~56979535~Danielle And Holly Harlow}
img0490.jpg,954569,8d4764e2,\2015-05\Danielle And Holly Harlow\,{SCG2~2015-05~56979535~Danielle And Holly Harlow}
img0491.jpg,1174809,90222346,\2015-05\Danielle And Holly Harlow\,{SCG2~2015-05~56979535~Danielle And Holly Harlow}
img0492.jpg,1216453,05abfeab,\2015-05\Danielle And Holly Harlow\,{SCG2~2015-05~56979535~Danielle And Holly Harlow}
img0493.jpg,1122623,4c4d04d8,\2015-05\Danielle And Holly Harlow\,{SCG2~2015-05~56979535~Danielle And Holly Harlow}
img0494.jpg,1114797,69e55569,\2015-05\Danielle And Holly Harlow\,{SCG2~2015-05~56979535~Danielle And Holly Harlow}
img0495.jpg,936821,4f4d3f97,\2015-05\Danielle And Holly Harlow\,{SCG2~2015-05~56979535~Danielle And Holly Harlow}
img0497.jpg,932405,ccc55ba7,\2015-05\Danielle And Holly Harlow\,{SCG2~2015-05~56979535~Danielle And Holly Harlow}
img0498.jpg,927293,1ee0954c,\2015-05\Danielle And Holly Harlow\,{SCG2~2015-05~56979535~Danielle And Holly Harlow}
img0499.jpg,955290,26522e55,\2015-05\Danielle And Holly Harlow\,{SCG2~2015-05~56979535~Danielle And Holly Harlow}
img0500.jpg,929127,1d0a18fc,\2015-05\Danielle And Holly Harlow\,{SCG2~2015-05~56979535~Danielle And Holly Harlow}
img0501.jpg,938818,b511b211,\2015-05\Danielle And Holly Harlow\,{SCG2~2015-05~56979535~Danielle And Holly Harlow}
img0502.jpg,957463,e63af8d7,\2015-05\Danielle And Holly Harlow\,{SCG2~2015-05~56979535~Danielle And Holly Harlow}
img0503.jpg,947290,75517b88,\2015-05\Danielle And Holly Harlow\,{SCG2~2015-05~56979535~Danielle And Holly Harlow}
img0504.jpg,966400,385f3d24,\2015-05\Danielle And Holly Harlow\,{SCG2~2015-05~56979535~Danielle And Holly Harlow}
img0505.jpg,1037827,88174931,\2015-05\Danielle And Holly Harlow\,{SCG2~2015-05~56979535~Danielle And Holly Harlow}
img0506.jpg,1029265,8f003edf,\2015-05\Danielle And Holly Harlow\,{SCG2~2015-05~56979535~Danielle And Holly Harlow}
img0507.jpg,939645,262b5d2b,\2015-05\Danielle And Holly Harlow\,{SCG2~2015-05~56979535~Danielle And Holly Harlow}
img0508.jpg,968885,eb83496e,\2015-05\Danielle And Holly Harlow\,{SCG2~2015-05~56979535~Danielle And Holly Harlow}
img0509.jpg,980839,1959481b,\2015-05\Danielle And Holly Harlow\,{SCG2~2015-05~56979535~Danielle And Holly Harlow}
img0510.jpg,989433,e2584883,\2015-05\Danielle And Holly Harlow\,{SCG2~2015-05~56979535~Danielle And Holly Harlow}
img0511.jpg,1019144,71f47b9c,\2015-05\Danielle And Holly Harlow\,{SCG2~2015-05~56979535~Danielle And Holly Harlow}
img0512.jpg,1046964,527dab0c,\2015-05\Danielle And Holly Harlow\,{SCG2~2015-05~56979535~Danielle And Holly Harlow}
img0513.jpg,1039612,fd3897e4,\2015-05\Danielle And Holly Harlow\,{SCG2~2015-05~56979535~Danielle And Holly Harlow}
img0514.jpg,1021218,c7bc856d,\2015-05\Danielle And Holly Harlow\,{SCG2~2015-05~56979535~Danielle And Holly Harlow}
img0515.jpg,1056663,097dfe39,\2015-05\Danielle And Holly Harlow\,{SCG2~2015-05~56979535~Danielle And Holly Harlow}
img0516.jpg,1058377,25d34be0,\2015-05\Danielle And Holly Harlow\,{SCG2~2015-05~56979535~Danielle And Holly Harlow}
img0517.jpg,1036692,0505c45a,\2015-05\Danielle And Holly Harlow\,{SCG2~2015-05~56979535~Danielle And Holly Harlow}
img0518.jpg,1137481,e75e4259,\2015-05\Danielle And Holly Harlow\,{SCG2~2015-05~56979535~Danielle And Holly Harlow}
img0519.jpg,1135962,ebcafd53,\2015-05\Danielle And Holly Harlow\,{SCG2~2015-05~56979535~Danielle And Holly Harlow}
img0520.jpg,1092931,86b9c253,\2015-05\Danielle And Holly Harlow\,{SCG2~2015-05~56979535~Danielle And Holly Harlow}
img0521.jpg,1125561,3bd81c2c,\2015-05\Danielle And Holly Harlow\,{SCG2~2015-05~56979535~Danielle And Holly Harlow}
img0522.jpg,1066628,34bec97a,\2015-05\Danielle And Holly Harlow\,{SCG2~2015-05~56979535~Danielle And Holly Harlow}
img0523.jpg,1039052,01e0d96d,\2015-05\Danielle And Holly Harlow\,{SCG2~2015-05~56979535~Danielle And Holly Harlow}
img0524.jpg,1134610,bbd1572e,\2015-05\Danielle And Holly Harlow\,{SCG2~2015-05~56979535~Danielle And Holly Harlow}
img0525.jpg,1139112,a042e574,\2015-05\Danielle And Holly Harlow\,{SCG2~2015-05~56979535~Danielle And Holly Harlow}
img0526.jpg,1138919,f3c36113,\2015-05\Danielle And Holly Harlow\,{SCG2~2015-05~56979535~Danielle And Holly Harlow}
img0527.jpg,1037040,8ed04a2a,\2015-05\Danielle And Holly Harlow\,{SCG2~2015-05~56979535~Danielle And Holly Harlow}
img0528.jpg,1116081,c109ec84,\2015-05\Danielle And Holly Harlow\,{SCG2~2015-05~56979535~Danielle And Holly Harlow}
img0530.jpg,1122701,2a7d87dd,\2015-05\Danielle And Holly Harlow\,{SCG2~2015-05~56979535~Danielle And Holly Harlow}
img0531.jpg,1163364,c6873292,\2015-05\Danielle And Holly Harlow\,{SCG2~2015-05~56979535~Danielle And Holly Harlow}
img0532.jpg,1158612,f0dca2c9,\2015-05\Danielle And Holly Harlow\,{SCG2~2015-05~56979535~Danielle And Holly Harlow}
img0533.jpg,1132716,6a2cb54d,\2015-05\Danielle And Holly Harlow\,{SCG2~2015-05~56979535~Danielle And Holly Harlow}
img0534.jpg,1118818,c92bdc1d,\2015-05\Danielle And Holly Harlow\,{SCG2~2015-05~56979535~Danielle And Holly Harlow}
img0535.jpg,1306330,03fcdc5a,\2015-05\Danielle And Holly Harlow\,{SCG2~2015-05~56979535~Danielle And Holly Harlow}
img0536.jpg,1066609,810201d7,\2015-05\Danielle And Holly Harlow\,{SCG2~2015-05~56979535~Danielle And Holly Harlow}
img0537.jpg,1083106,35839dca,\2015-05\Danielle And Holly Harlow\,{SCG2~2015-05~56979535~Danielle And Holly Harlow}
img0538.jpg,1100376,20f81842,\2015-05\Danielle And Holly Harlow\,{SCG2~2015-05~56979535~Danielle And Holly Harlow}
img0539.jpg,1105778,52348eb6,\2015-05\Danielle And Holly Harlow\,{SCG2~2015-05~56979535~Danielle And Holly Harlow}
img0540.jpg,1131396,1af33f61,\2015-05\Danielle And Holly Harlow\,{SCG2~2015-05~56979535~Danielle And Holly Harlow}