!menu-peppermint.JPG,374203,ecda9f79,\Galleries\20201220 - Peppermint Pervert\,
!title.JPG,375048,b962257b,\Galleries\20201220 - Peppermint Pervert\,
002.JPG,1205057,e9269311,\Galleries\20201220 - Peppermint Pervert\,
004.JPG,965652,3c051e7f,\Galleries\20201220 - Peppermint Pervert\,
006.JPG,1173922,8b878927,\Galleries\20201220 - Peppermint Pervert\,
007.JPG,1070707,fa54b0af,\Galleries\20201220 - Peppermint Pervert\,
008.JPG,1271612,03e97ab2,\Galleries\20201220 - Peppermint Pervert\,
010.JPG,1214365,f9e7ef65,\Galleries\20201220 - Peppermint Pervert\,
011.JPG,1152186,ef74b73f,\Galleries\20201220 - Peppermint Pervert\,
013.JPG,949302,ce9b96a5,\Galleries\20201220 - Peppermint Pervert\,
015.JPG,1186486,c413e2ef,\Galleries\20201220 - Peppermint Pervert\,
017.JPG,1320064,2edbfbe0,\Galleries\20201220 - Peppermint Pervert\,
018.JPG,1133827,486bdc5b,\Galleries\20201220 - Peppermint Pervert\,
019.JPG,1306343,e31c1b57,\Galleries\20201220 - Peppermint Pervert\,
020.JPG,1045563,a662b421,\Galleries\20201220 - Peppermint Pervert\,
021.JPG,1375650,121e9d30,\Galleries\20201220 - Peppermint Pervert\,
022.JPG,1056590,ae3681b4,\Galleries\20201220 - Peppermint Pervert\,
023.JPG,1390349,5fc98795,\Galleries\20201220 - Peppermint Pervert\,
024.JPG,1210901,6addcb51,\Galleries\20201220 - Peppermint Pervert\,
025.JPG,1064588,e7b91e27,\Galleries\20201220 - Peppermint Pervert\,
026.JPG,1161442,58ec2e9d,\Galleries\20201220 - Peppermint Pervert\,
027.JPG,1199504,b47d680e,\Galleries\20201220 - Peppermint Pervert\,
028.JPG,1032073,952a9891,\Galleries\20201220 - Peppermint Pervert\,
029.JPG,1177990,cd7e38a1,\Galleries\20201220 - Peppermint Pervert\,
030.JPG,1077260,7a178c4f,\Galleries\20201220 - Peppermint Pervert\,
031.JPG,1176311,0bdc2103,\Galleries\20201220 - Peppermint Pervert\,
032.JPG,956077,a97f7023,\Galleries\20201220 - Peppermint Pervert\,
033.JPG,1112499,4c95c7b1,\Galleries\20201220 - Peppermint Pervert\,
035.JPG,1192542,638dc99b,\Galleries\20201220 - Peppermint Pervert\,
037.JPG,1124216,1e21d58c,\Galleries\20201220 - Peppermint Pervert\,
038.JPG,988874,a1ee8c77,\Galleries\20201220 - Peppermint Pervert\,
039.JPG,1148635,1d42b8d3,\Galleries\20201220 - Peppermint Pervert\,
041.JPG,1095077,d12bf5f5,\Galleries\20201220 - Peppermint Pervert\,
042.JPG,901042,19ee82c5,\Galleries\20201220 - Peppermint Pervert\,
043.JPG,945115,528a376a,\Galleries\20201220 - Peppermint Pervert\,
045.JPG,1010970,29e09e7f,\Galleries\20201220 - Peppermint Pervert\,
046.JPG,1010253,11bc83f0,\Galleries\20201220 - Peppermint Pervert\,
050.JPG,1116220,2fa38979,\Galleries\20201220 - Peppermint Pervert\,
052.JPG,996697,38d5d0f5,\Galleries\20201220 - Peppermint Pervert\,
053.JPG,1058656,9edc4c3a,\Galleries\20201220 - Peppermint Pervert\,
054.JPG,995088,2fd17e18,\Galleries\20201220 - Peppermint Pervert\,
055.JPG,1155292,e0b67e3d,\Galleries\20201220 - Peppermint Pervert\,
056.JPG,1209586,0eb0b393,\Galleries\20201220 - Peppermint Pervert\,
058.JPG,1183333,000bda59,\Galleries\20201220 - Peppermint Pervert\,
059.JPG,1087357,ca788e00,\Galleries\20201220 - Peppermint Pervert\,
060.JPG,1107937,9d577fa2,\Galleries\20201220 - Peppermint Pervert\,
061.JPG,1183345,c11fe5e7,\Galleries\20201220 - Peppermint Pervert\,
064.JPG,1109515,a24f3b68,\Galleries\20201220 - Peppermint Pervert\,
067.JPG,1107734,f74d6f4d,\Galleries\20201220 - Peppermint Pervert\,
068.JPG,1230338,948070a3,\Galleries\20201220 - Peppermint Pervert\,
069.JPG,1041634,8e20de9d,\Galleries\20201220 - Peppermint Pervert\,
070.JPG,1178615,f0633a39,\Galleries\20201220 - Peppermint Pervert\,
071.JPG,1078405,5e196556,\Galleries\20201220 - Peppermint Pervert\,
073.JPG,1026000,de11613b,\Galleries\20201220 - Peppermint Pervert\,
074.JPG,1405238,e8e4ee28,\Galleries\20201220 - Peppermint Pervert\,
075.JPG,1116272,d063488a,\Galleries\20201220 - Peppermint Pervert\,
077.JPG,1151429,47a12543,\Galleries\20201220 - Peppermint Pervert\,
081.JPG,932208,2b729f71,\Galleries\20201220 - Peppermint Pervert\,
082.JPG,1196964,e26d6bfc,\Galleries\20201220 - Peppermint Pervert\,
084.JPG,1112595,71a8227f,\Galleries\20201220 - Peppermint Pervert\,
086.JPG,1116921,2132f79f,\Galleries\20201220 - Peppermint Pervert\,
087.JPG,1011937,d12abf54,\Galleries\20201220 - Peppermint Pervert\,
088.JPG,1081383,767e5af5,\Galleries\20201220 - Peppermint Pervert\,
089.JPG,907618,ec1262e7,\Galleries\20201220 - Peppermint Pervert\,
094.JPG,1036137,9341f992,\Galleries\20201220 - Peppermint Pervert\,
095.JPG,934110,f935c523,\Galleries\20201220 - Peppermint Pervert\,
096.JPG,1036521,8a056f7b,\Galleries\20201220 - Peppermint Pervert\,
097.JPG,1075084,0790a112,\Galleries\20201220 - Peppermint Pervert\,
098.JPG,983667,a3ae13f0,\Galleries\20201220 - Peppermint Pervert\,
099.JPG,945431,bbc32ad5,\Galleries\20201220 - Peppermint Pervert\,
100.JPG,1065065,94b3159c,\Galleries\20201220 - Peppermint Pervert\,
101.JPG,961552,878f1723,\Galleries\20201220 - Peppermint Pervert\,
102.JPG,1153389,5792220c,\Galleries\20201220 - Peppermint Pervert\,
104.JPG,1138229,fc563f31,\Galleries\20201220 - Peppermint Pervert\,
105.JPG,1080361,14674a5e,\Galleries\20201220 - Peppermint Pervert\,
106.JPG,1098687,44c22769,\Galleries\20201220 - Peppermint Pervert\,
107.JPG,955781,0299bad3,\Galleries\20201220 - Peppermint Pervert\,
109.JPG,964639,249b8b87,\Galleries\20201220 - Peppermint Pervert\,
110.JPG,1047515,dd7165aa,\Galleries\20201220 - Peppermint Pervert\,
112.JPG,1112056,c7520626,\Galleries\20201220 - Peppermint Pervert\,
113.JPG,905615,34ddd884,\Galleries\20201220 - Peppermint Pervert\,
114.JPG,988172,764021d8,\Galleries\20201220 - Peppermint Pervert\,
116.JPG,995043,e654db5a,\Galleries\20201220 - Peppermint Pervert\,
117.JPG,886145,1764a985,\Galleries\20201220 - Peppermint Pervert\,
118.JPG,1098365,3004f4ad,\Galleries\20201220 - Peppermint Pervert\,
119.JPG,900291,dab78357,\Galleries\20201220 - Peppermint Pervert\,
122.JPG,895809,5e861776,\Galleries\20201220 - Peppermint Pervert\,
123.JPG,915679,c3b37053,\Galleries\20201220 - Peppermint Pervert\,
124.JPG,979435,7bc388fa,\Galleries\20201220 - Peppermint Pervert\,
126.JPG,1023119,3c855a04,\Galleries\20201220 - Peppermint Pervert\,
127.JPG,955872,bc09a442,\Galleries\20201220 - Peppermint Pervert\,
128.JPG,925693,72ab924d,\Galleries\20201220 - Peppermint Pervert\,
129.JPG,992809,50d0d5c9,\Galleries\20201220 - Peppermint Pervert\,
131.JPG,1009705,90ce35dd,\Galleries\20201220 - Peppermint Pervert\,
133.JPG,979445,7b79e1b8,\Galleries\20201220 - Peppermint Pervert\,
135.JPG,1008996,1a1b4476,\Galleries\20201220 - Peppermint Pervert\,
137.JPG,972246,e2d1e70a,\Galleries\20201220 - Peppermint Pervert\,
139.JPG,972859,3ff895a2,\Galleries\20201220 - Peppermint Pervert\,
143.JPG,1040910,eb775511,\Galleries\20201220 - Peppermint Pervert\,
144.JPG,1118491,7a56d44f,\Galleries\20201220 - Peppermint Pervert\,
146.JPG,1121790,ce797b55,\Galleries\20201220 - Peppermint Pervert\,
147.JPG,1099957,2599a6c6,\Galleries\20201220 - Peppermint Pervert\,
148.JPG,1062002,4892b80f,\Galleries\20201220 - Peppermint Pervert\,
149.JPG,1125556,46a1f9c1,\Galleries\20201220 - Peppermint Pervert\,
150.JPG,1200723,0cf36f13,\Galleries\20201220 - Peppermint Pervert\,
151.JPG,1144815,569ae4f6,\Galleries\20201220 - Peppermint Pervert\,
153.JPG,1206764,991b3634,\Galleries\20201220 - Peppermint Pervert\,
154.JPG,1150676,cae15ac2,\Galleries\20201220 - Peppermint Pervert\,
156.JPG,1148433,528c4bc8,\Galleries\20201220 - Peppermint Pervert\,
157.JPG,1064891,0ff525f9,\Galleries\20201220 - Peppermint Pervert\,
158.JPG,1099049,044675dc,\Galleries\20201220 - Peppermint Pervert\,
160.JPG,1192847,d147ab76,\Galleries\20201220 - Peppermint Pervert\,
161.JPG,1069893,ff994a82,\Galleries\20201220 - Peppermint Pervert\,
162.JPG,1374907,4b9aa299,\Galleries\20201220 - Peppermint Pervert\,
163.JPG,1301449,6d1a1a11,\Galleries\20201220 - Peppermint Pervert\,
164.JPG,1306085,416d4218,\Galleries\20201220 - Peppermint Pervert\,
165.JPG,1128029,eabf2be7,\Galleries\20201220 - Peppermint Pervert\,
168.JPG,1289677,26633c16,\Galleries\20201220 - Peppermint Pervert\,
169.JPG,940307,c460553a,\Galleries\20201220 - Peppermint Pervert\,
170.JPG,1284597,36289a1e,\Galleries\20201220 - Peppermint Pervert\,
171.JPG,1039308,19f81ff4,\Galleries\20201220 - Peppermint Pervert\,
172.JPG,1308988,5b1cf5a6,\Galleries\20201220 - Peppermint Pervert\,
173.JPG,1032734,782b7c1f,\Galleries\20201220 - Peppermint Pervert\,
175.JPG,1026396,5b0e81cb,\Galleries\20201220 - Peppermint Pervert\,
176.JPG,1425130,3fd05b26,\Galleries\20201220 - Peppermint Pervert\,
177.JPG,1123069,8cc2b577,\Galleries\20201220 - Peppermint Pervert\,
178.JPG,1289518,296b0b3a,\Galleries\20201220 - Peppermint Pervert\,
179.JPG,1093427,172ea622,\Galleries\20201220 - Peppermint Pervert\,
180.JPG,1205231,a759b3f7,\Galleries\20201220 - Peppermint Pervert\,
181.JPG,1125106,c5267cd8,\Galleries\20201220 - Peppermint Pervert\,
182.JPG,1314862,cd6dc73c,\Galleries\20201220 - Peppermint Pervert\,
183.JPG,1087787,4bd93b97,\Galleries\20201220 - Peppermint Pervert\,
184.JPG,1311845,04bcb791,\Galleries\20201220 - Peppermint Pervert\,
186.JPG,1262760,f9506cad,\Galleries\20201220 - Peppermint Pervert\,
188.JPG,1294252,80906d67,\Galleries\20201220 - Peppermint Pervert\,
189.JPG,1254911,f67a181c,\Galleries\20201220 - Peppermint Pervert\,
190.JPG,1200328,577eb77b,\Galleries\20201220 - Peppermint Pervert\,
191.JPG,1194667,47ef1478,\Galleries\20201220 - Peppermint Pervert\,
192.JPG,1261755,683aee04,\Galleries\20201220 - Peppermint Pervert\,
193.JPG,1160791,372477f6,\Galleries\20201220 - Peppermint Pervert\,
194.JPG,1205127,c9ec7f33,\Galleries\20201220 - Peppermint Pervert\,
195.JPG,1213965,85ec84ce,\Galleries\20201220 - Peppermint Pervert\,
196.JPG,1172602,8bc4837f,\Galleries\20201220 - Peppermint Pervert\,
197.JPG,1013069,e30ebea6,\Galleries\20201220 - Peppermint Pervert\,
198.JPG,1317879,c851304d,\Galleries\20201220 - Peppermint Pervert\,
199.JPG,1076081,749a1083,\Galleries\20201220 - Peppermint Pervert\,
200.JPG,1254993,4fc49a12,\Galleries\20201220 - Peppermint Pervert\,
201.JPG,1154029,ffcb025a,\Galleries\20201220 - Peppermint Pervert\,
203.JPG,1044167,45362b9b,\Galleries\20201220 - Peppermint Pervert\,
204.JPG,1228096,f137b077,\Galleries\20201220 - Peppermint Pervert\,
205.JPG,1058646,6966a369,\Galleries\20201220 - Peppermint Pervert\,
206.JPG,1263841,29b02485,\Galleries\20201220 - Peppermint Pervert\,
207.JPG,1161973,7d0e20c2,\Galleries\20201220 - Peppermint Pervert\,
208.JPG,1272350,27371c16,\Galleries\20201220 - Peppermint Pervert\,
209.JPG,1188405,ae007b90,\Galleries\20201220 - Peppermint Pervert\,
210.JPG,1235478,2e6d7861,\Galleries\20201220 - Peppermint Pervert\,
211.JPG,1146955,630e13a3,\Galleries\20201220 - Peppermint Pervert\,
212.JPG,1270746,cab03abc,\Galleries\20201220 - Peppermint Pervert\,
213.JPG,1048459,85ff825f,\Galleries\20201220 - Peppermint Pervert\,
215.JPG,1099744,554e25da,\Galleries\20201220 - Peppermint Pervert\,
216.JPG,1164107,06cec95a,\Galleries\20201220 - Peppermint Pervert\,
217.JPG,1081311,c0d30a96,\Galleries\20201220 - Peppermint Pervert\,
218.JPG,1190404,b042aa74,\Galleries\20201220 - Peppermint Pervert\,
219.JPG,1185481,0896f4f7,\Galleries\20201220 - Peppermint Pervert\,
221.JPG,1172718,bc7cd058,\Galleries\20201220 - Peppermint Pervert\,
223.JPG,1175336,15b2ab3a,\Galleries\20201220 - Peppermint Pervert\,
224.JPG,1207036,ab1d3110,\Galleries\20201220 - Peppermint Pervert\,
225.JPG,1156970,4e7ea4dc,\Galleries\20201220 - Peppermint Pervert\,
226.JPG,1184019,2c7d1466,\Galleries\20201220 - Peppermint Pervert\,
227.JPG,1129854,16ff1036,\Galleries\20201220 - Peppermint Pervert\,
228.JPG,1296742,c4b1d77b,\Galleries\20201220 - Peppermint Pervert\,
229.JPG,1137283,db2d645f,\Galleries\20201220 - Peppermint Pervert\,
230.JPG,1268391,a823e249,\Galleries\20201220 - Peppermint Pervert\,
231.JPG,1165088,42b41bd2,\Galleries\20201220 - Peppermint Pervert\,
232.JPG,1242217,37a21bde,\Galleries\20201220 - Peppermint Pervert\,
233.JPG,1071888,4d5e7907,\Galleries\20201220 - Peppermint Pervert\,
234.JPG,1226699,44edefd4,\Galleries\20201220 - Peppermint Pervert\,
235.JPG,1108131,825267bf,\Galleries\20201220 - Peppermint Pervert\,
236.JPG,1176969,7b53afb6,\Galleries\20201220 - Peppermint Pervert\,
237.JPG,976362,4532f6c5,\Galleries\20201220 - Peppermint Pervert\,
239.JPG,1104945,4796d27c,\Galleries\20201220 - Peppermint Pervert\,
240.JPG,1173237,606e2ed5,\Galleries\20201220 - Peppermint Pervert\,
241.JPG,1052633,08afc089,\Galleries\20201220 - Peppermint Pervert\,
242.JPG,1282425,60afc33f,\Galleries\20201220 - Peppermint Pervert\,
243.JPG,1118224,e775e0b0,\Galleries\20201220 - Peppermint Pervert\,
244.JPG,1269344,364273e0,\Galleries\20201220 - Peppermint Pervert\,
245.JPG,944853,c9afb83e,\Galleries\20201220 - Peppermint Pervert\,
246.JPG,1126805,4b6eb2dc,\Galleries\20201220 - Peppermint Pervert\,
247.JPG,1208363,fec29bb1,\Galleries\20201220 - Peppermint Pervert\,
248.JPG,1129607,ffcb6abc,\Galleries\20201220 - Peppermint Pervert\,
249.JPG,1202647,e6fd2b55,\Galleries\20201220 - Peppermint Pervert\,
250.JPG,1191575,d762cda3,\Galleries\20201220 - Peppermint Pervert\,
251.JPG,1189857,2d0e1909,\Galleries\20201220 - Peppermint Pervert\,
252.JPG,1186034,2fc1a0c3,\Galleries\20201220 - Peppermint Pervert\,
253.JPG,1135756,4cb1a888,\Galleries\20201220 - Peppermint Pervert\,
254.JPG,1122273,fa4f475a,\Galleries\20201220 - Peppermint Pervert\,
255.JPG,1216692,959f997c,\Galleries\20201220 - Peppermint Pervert\,
258.JPG,1180655,34d9ce05,\Galleries\20201220 - Peppermint Pervert\,
260.JPG,1186661,beb43395,\Galleries\20201220 - Peppermint Pervert\,
261.JPG,1147474,f8a4ce83,\Galleries\20201220 - Peppermint Pervert\,
262.JPG,1204901,5931a04e,\Galleries\20201220 - Peppermint Pervert\,
264.JPG,1185584,e02564bd,\Galleries\20201220 - Peppermint Pervert\,
265.JPG,1150292,ccb90713,\Galleries\20201220 - Peppermint Pervert\,
267.JPG,999094,02e1f706,\Galleries\20201220 - Peppermint Pervert\,
268.JPG,1044757,82404657,\Galleries\20201220 - Peppermint Pervert\,
269.JPG,1026766,3e5c79f4,\Galleries\20201220 - Peppermint Pervert\,
271.JPG,1051384,ad89c209,\Galleries\20201220 - Peppermint Pervert\,
272.JPG,1098521,9f4382be,\Galleries\20201220 - Peppermint Pervert\,
273.JPG,1108996,cf7d3541,\Galleries\20201220 - Peppermint Pervert\,
274.JPG,1147896,11669688,\Galleries\20201220 - Peppermint Pervert\,
275.JPG,1138994,635459da,\Galleries\20201220 - Peppermint Pervert\,
276.JPG,1134537,bde2911c,\Galleries\20201220 - Peppermint Pervert\,
277.JPG,1068170,c936f247,\Galleries\20201220 - Peppermint Pervert\,
278.JPG,1081540,3e48bbd9,\Galleries\20201220 - Peppermint Pervert\,
279.JPG,1044513,eff96499,\Galleries\20201220 - Peppermint Pervert\,
280.JPG,1060008,c6669e16,\Galleries\20201220 - Peppermint Pervert\,
281.JPG,1157822,27d4275d,\Galleries\20201220 - Peppermint Pervert\,
!menu-stimul8.JPG,346419,726daab7,\Galleries\20210120 - Asstra vs the Stimul-8\,
!title.JPG,338805,9cd353ef,\Galleries\20210120 - Asstra vs the Stimul-8\,
010.JPG,1131311,5301dc5d,\Galleries\20210120 - Asstra vs the Stimul-8\,
015.JPG,1111349,e3012544,\Galleries\20210120 - Asstra vs the Stimul-8\,
016.JPG,923663,038774bb,\Galleries\20210120 - Asstra vs the Stimul-8\,
018.JPG,1049934,c4d9c560,\Galleries\20210120 - Asstra vs the Stimul-8\,
019.JPG,1073713,309706ab,\Galleries\20210120 - Asstra vs the Stimul-8\,
022.JPG,1032173,9cbc1894,\Galleries\20210120 - Asstra vs the Stimul-8\,
023.JPG,1171602,9e0fcdf7,\Galleries\20210120 - Asstra vs the Stimul-8\,
024.JPG,1072369,2cc6c2c5,\Galleries\20210120 - Asstra vs the Stimul-8\,
026.JPG,1021397,04d82cb8,\Galleries\20210120 - Asstra vs the Stimul-8\,
027.JPG,1048552,332e0d60,\Galleries\20210120 - Asstra vs the Stimul-8\,
028.JPG,1038551,d15710e8,\Galleries\20210120 - Asstra vs the Stimul-8\,
031.JPG,1109904,e02ec581,\Galleries\20210120 - Asstra vs the Stimul-8\,
032.JPG,1104937,faeed118,\Galleries\20210120 - Asstra vs the Stimul-8\,
033.JPG,1042346,5bae8cb5,\Galleries\20210120 - Asstra vs the Stimul-8\,
034.JPG,1049312,5bf02c74,\Galleries\20210120 - Asstra vs the Stimul-8\,
035.JPG,1055021,ade821bd,\Galleries\20210120 - Asstra vs the Stimul-8\,
036.JPG,1207860,1ba07a46,\Galleries\20210120 - Asstra vs the Stimul-8\,
037.JPG,1179535,7926998f,\Galleries\20210120 - Asstra vs the Stimul-8\,
038.JPG,1214543,a4eb561d,\Galleries\20210120 - Asstra vs the Stimul-8\,
039.JPG,1204592,a2190044,\Galleries\20210120 - Asstra vs the Stimul-8\,
040.JPG,1173784,18d843b3,\Galleries\20210120 - Asstra vs the Stimul-8\,
041.JPG,1179818,2f3906a8,\Galleries\20210120 - Asstra vs the Stimul-8\,
042.JPG,1221055,1e887978,\Galleries\20210120 - Asstra vs the Stimul-8\,
048.JPG,1221747,44819fec,\Galleries\20210120 - Asstra vs the Stimul-8\,
052.JPG,1140334,764aa1eb,\Galleries\20210120 - Asstra vs the Stimul-8\,
053.JPG,1174550,9b698d16,\Galleries\20210120 - Asstra vs the Stimul-8\,
054.JPG,1090222,265d956d,\Galleries\20210120 - Asstra vs the Stimul-8\,
055.JPG,1295054,328c2ac5,\Galleries\20210120 - Asstra vs the Stimul-8\,
056.JPG,1120793,167e2164,\Galleries\20210120 - Asstra vs the Stimul-8\,
058.JPG,1136048,c1d164dd,\Galleries\20210120 - Asstra vs the Stimul-8\,
059.JPG,1110975,7b7ee0b3,\Galleries\20210120 - Asstra vs the Stimul-8\,
062.JPG,1047963,8346a4a5,\Galleries\20210120 - Asstra vs the Stimul-8\,
063.JPG,1135165,258f634c,\Galleries\20210120 - Asstra vs the Stimul-8\,
064.JPG,1041488,a01c5161,\Galleries\20210120 - Asstra vs the Stimul-8\,
065.JPG,1096738,cfaa33c9,\Galleries\20210120 - Asstra vs the Stimul-8\,
068.JPG,1340843,b0094d5d,\Galleries\20210120 - Asstra vs the Stimul-8\,
069.JPG,1285350,bf6df0b0,\Galleries\20210120 - Asstra vs the Stimul-8\,
072.JPG,1295693,c4cf2db0,\Galleries\20210120 - Asstra vs the Stimul-8\,
075.JPG,1255192,8deb6bd0,\Galleries\20210120 - Asstra vs the Stimul-8\,
076.JPG,1274122,1c651855,\Galleries\20210120 - Asstra vs the Stimul-8\,
077.JPG,1308568,8c108de0,\Galleries\20210120 - Asstra vs the Stimul-8\,
079.JPG,1307714,7645d0c1,\Galleries\20210120 - Asstra vs the Stimul-8\,
080.JPG,1009108,0083c800,\Galleries\20210120 - Asstra vs the Stimul-8\,
081.JPG,1083036,fcd79f61,\Galleries\20210120 - Asstra vs the Stimul-8\,
089.JPG,976224,d9e9ab3e,\Galleries\20210120 - Asstra vs the Stimul-8\,
091.JPG,1017890,affe8087,\Galleries\20210120 - Asstra vs the Stimul-8\,
094.JPG,987873,97cf7122,\Galleries\20210120 - Asstra vs the Stimul-8\,
095.JPG,902385,9d0ba819,\Galleries\20210120 - Asstra vs the Stimul-8\,
096.JPG,830878,8f128cb2,\Galleries\20210120 - Asstra vs the Stimul-8\,
098.JPG,914653,7c89dbe3,\Galleries\20210120 - Asstra vs the Stimul-8\,
099.JPG,910597,ece1d7ed,\Galleries\20210120 - Asstra vs the Stimul-8\,
101.JPG,1219006,e58899d6,\Galleries\20210120 - Asstra vs the Stimul-8\,
103.JPG,1124871,b8a3370b,\Galleries\20210120 - Asstra vs the Stimul-8\,
109.JPG,1129407,6ab79fbd,\Galleries\20210120 - Asstra vs the Stimul-8\,
111.JPG,1136339,fd9eb522,\Galleries\20210120 - Asstra vs the Stimul-8\,
113.JPG,1132886,eb6f29f8,\Galleries\20210120 - Asstra vs the Stimul-8\,
114.JPG,992809,c7b6ce8b,\Galleries\20210120 - Asstra vs the Stimul-8\,
115.JPG,1205102,98b8eeeb,\Galleries\20210120 - Asstra vs the Stimul-8\,
116.JPG,1083167,d2a71f33,\Galleries\20210120 - Asstra vs the Stimul-8\,
117.JPG,1102955,f89d5162,\Galleries\20210120 - Asstra vs the Stimul-8\,
132.JPG,1022989,0c27131f,\Galleries\20210120 - Asstra vs the Stimul-8\,
133.JPG,965952,b9d2ddd8,\Galleries\20210120 - Asstra vs the Stimul-8\,
!menu-pinkfrizz.JPG,307553,53217dd6,\Galleries\20210210 - Pink Frizz (Selfie Dump '20)\,
!title.JPG,300811,5e912c0b,\Galleries\20210210 - Pink Frizz (Selfie Dump '20)\,
001.JPG,500927,1195d148,\Galleries\20210210 - Pink Frizz (Selfie Dump '20)\,
002.JPG,476064,14aa8b7e,\Galleries\20210210 - Pink Frizz (Selfie Dump '20)\,
003.JPG,492500,21a081a4,\Galleries\20210210 - Pink Frizz (Selfie Dump '20)\,
004.JPG,633539,258d82b8,\Galleries\20210210 - Pink Frizz (Selfie Dump '20)\,
005.JPG,581153,7c55f30b,\Galleries\20210210 - Pink Frizz (Selfie Dump '20)\,
006.JPG,492763,69c05f01,\Galleries\20210210 - Pink Frizz (Selfie Dump '20)\,
007.JPG,445250,276aa5d8,\Galleries\20210210 - Pink Frizz (Selfie Dump '20)\,
008.JPG,569308,e9d1e734,\Galleries\20210210 - Pink Frizz (Selfie Dump '20)\,
009.JPG,481766,31da5368,\Galleries\20210210 - Pink Frizz (Selfie Dump '20)\,
010.JPG,498065,39c6b10d,\Galleries\20210210 - Pink Frizz (Selfie Dump '20)\,
011.JPG,447599,64bd8845,\Galleries\20210210 - Pink Frizz (Selfie Dump '20)\,
012.JPG,396845,4cfb6b19,\Galleries\20210210 - Pink Frizz (Selfie Dump '20)\,
013.JPG,481159,be793ce5,\Galleries\20210210 - Pink Frizz (Selfie Dump '20)\,
014.JPG,465732,4cf0c7ae,\Galleries\20210210 - Pink Frizz (Selfie Dump '20)\,
015.JPG,491923,0df643d9,\Galleries\20210210 - Pink Frizz (Selfie Dump '20)\,
016.JPG,554812,262770e4,\Galleries\20210210 - Pink Frizz (Selfie Dump '20)\,
017.JPG,465352,fe58142c,\Galleries\20210210 - Pink Frizz (Selfie Dump '20)\,
018.JPG,403957,707e386c,\Galleries\20210210 - Pink Frizz (Selfie Dump '20)\,
019.JPG,442116,a204d4bc,\Galleries\20210210 - Pink Frizz (Selfie Dump '20)\,
020.JPG,511612,2c71d0d6,\Galleries\20210210 - Pink Frizz (Selfie Dump '20)\,
021.JPG,386910,20f725c4,\Galleries\20210210 - Pink Frizz (Selfie Dump '20)\,
022.JPG,586128,0e1b8d0a,\Galleries\20210210 - Pink Frizz (Selfie Dump '20)\,
023.JPG,398342,9b809c65,\Galleries\20210210 - Pink Frizz (Selfie Dump '20)\,
024.JPG,476403,cf6827be,\Galleries\20210210 - Pink Frizz (Selfie Dump '20)\,
025.JPG,550618,c18e6ee0,\Galleries\20210210 - Pink Frizz (Selfie Dump '20)\,
026.JPG,509186,b0cc0d49,\Galleries\20210210 - Pink Frizz (Selfie Dump '20)\,
027.JPG,550573,a4ad52df,\Galleries\20210210 - Pink Frizz (Selfie Dump '20)\,
028.JPG,499463,37c235f5,\Galleries\20210210 - Pink Frizz (Selfie Dump '20)\,
029.JPG,417400,fd4aaefb,\Galleries\20210210 - Pink Frizz (Selfie Dump '20)\,
030.JPG,374925,6e2ae86a,\Galleries\20210210 - Pink Frizz (Selfie Dump '20)\,
031.JPG,427237,11e9f70c,\Galleries\20210210 - Pink Frizz (Selfie Dump '20)\,
032.JPG,430624,00ffd0ab,\Galleries\20210210 - Pink Frizz (Selfie Dump '20)\,
033.JPG,453756,a04e2b28,\Galleries\20210210 - Pink Frizz (Selfie Dump '20)\,
034.JPG,478122,67872210,\Galleries\20210210 - Pink Frizz (Selfie Dump '20)\,
035.JPG,430613,6d673474,\Galleries\20210210 - Pink Frizz (Selfie Dump '20)\,
036.JPG,529586,31fd9cdd,\Galleries\20210210 - Pink Frizz (Selfie Dump '20)\,
037.JPG,540340,5a88cdb3,\Galleries\20210210 - Pink Frizz (Selfie Dump '20)\,
038.JPG,529694,c6a0b014,\Galleries\20210210 - Pink Frizz (Selfie Dump '20)\,
039.JPG,499844,a186c0d4,\Galleries\20210210 - Pink Frizz (Selfie Dump '20)\,
040.JPG,613731,ea7b42fb,\Galleries\20210210 - Pink Frizz (Selfie Dump '20)\,
041.JPG,505245,feaa30ba,\Galleries\20210210 - Pink Frizz (Selfie Dump '20)\,
042.JPG,544158,7a1e3617,\Galleries\20210210 - Pink Frizz (Selfie Dump '20)\,
043.JPG,653235,a3eb5377,\Galleries\20210210 - Pink Frizz (Selfie Dump '20)\,
044.JPG,604692,f09bb832,\Galleries\20210210 - Pink Frizz (Selfie Dump '20)\,
045.JPG,600566,b0d4f9a7,\Galleries\20210210 - Pink Frizz (Selfie Dump '20)\,
046.JPG,529597,963adc0e,\Galleries\20210210 - Pink Frizz (Selfie Dump '20)\,
047.JPG,553438,0f7b3db4,\Galleries\20210210 - Pink Frizz (Selfie Dump '20)\,
048.JPG,536132,07500c67,\Galleries\20210210 - Pink Frizz (Selfie Dump '20)\,
049.JPG,571995,79503224,\Galleries\20210210 - Pink Frizz (Selfie Dump '20)\,
050.JPG,656734,7d2e79f6,\Galleries\20210210 - Pink Frizz (Selfie Dump '20)\,
051.JPG,582862,e7537a4b,\Galleries\20210210 - Pink Frizz (Selfie Dump '20)\,
052.JPG,655479,38cf2faa,\Galleries\20210210 - Pink Frizz (Selfie Dump '20)\,
053.JPG,599662,4e87c4a0,\Galleries\20210210 - Pink Frizz (Selfie Dump '20)\,
054.JPG,524646,e3485ea2,\Galleries\20210210 - Pink Frizz (Selfie Dump '20)\,
055.JPG,557613,7787d620,\Galleries\20210210 - Pink Frizz (Selfie Dump '20)\,
056.JPG,553403,822bdef0,\Galleries\20210210 - Pink Frizz (Selfie Dump '20)\,
057.JPG,546048,830031ab,\Galleries\20210210 - Pink Frizz (Selfie Dump '20)\,
058.JPG,512600,144f1b65,\Galleries\20210210 - Pink Frizz (Selfie Dump '20)\,
059.JPG,508386,31f44b46,\Galleries\20210210 - Pink Frizz (Selfie Dump '20)\,
060.JPG,546891,76d99e7f,\Galleries\20210210 - Pink Frizz (Selfie Dump '20)\,
061.JPG,538947,88694705,\Galleries\20210210 - Pink Frizz (Selfie Dump '20)\,
062.JPG,550145,6ca76ef0,\Galleries\20210210 - Pink Frizz (Selfie Dump '20)\,
063.JPG,605289,a1fa8ff6,\Galleries\20210210 - Pink Frizz (Selfie Dump '20)\,
064.JPG,599437,ae8c4cf6,\Galleries\20210210 - Pink Frizz (Selfie Dump '20)\,
065.JPG,531748,0a9d4b61,\Galleries\20210210 - Pink Frizz (Selfie Dump '20)\,
066.JPG,607567,8723a851,\Galleries\20210210 - Pink Frizz (Selfie Dump '20)\,
067.JPG,510905,63e0b24c,\Galleries\20210210 - Pink Frizz (Selfie Dump '20)\,
068.JPG,500851,da2d5f71,\Galleries\20210210 - Pink Frizz (Selfie Dump '20)\,
069.JPG,427444,246bb36c,\Galleries\20210210 - Pink Frizz (Selfie Dump '20)\,
070.JPG,432892,c546f3b4,\Galleries\20210210 - Pink Frizz (Selfie Dump '20)\,
071.JPG,470873,d3cf129a,\Galleries\20210210 - Pink Frizz (Selfie Dump '20)\,
072.JPG,481968,a96ab062,\Galleries\20210210 - Pink Frizz (Selfie Dump '20)\,
073.JPG,384911,2ba91e47,\Galleries\20210210 - Pink Frizz (Selfie Dump '20)\,
074.JPG,486177,f99eefcc,\Galleries\20210210 - Pink Frizz (Selfie Dump '20)\,
075.JPG,481793,0d816d6c,\Galleries\20210210 - Pink Frizz (Selfie Dump '20)\,
076.JPG,444970,614db018,\Galleries\20210210 - Pink Frizz (Selfie Dump '20)\,
077.JPG,524708,abc188e6,\Galleries\20210210 - Pink Frizz (Selfie Dump '20)\,
078.JPG,500986,32036bcd,\Galleries\20210210 - Pink Frizz (Selfie Dump '20)\,
079.JPG,498836,ffbd0bc4,\Galleries\20210210 - Pink Frizz (Selfie Dump '20)\,
080.JPG,365709,042f0b49,\Galleries\20210210 - Pink Frizz (Selfie Dump '20)\,
081.JPG,536811,7d5e6ca2,\Galleries\20210210 - Pink Frizz (Selfie Dump '20)\,
082.JPG,566330,b8f4cce4,\Galleries\20210210 - Pink Frizz (Selfie Dump '20)\,
083.JPG,593415,0b5d56f1,\Galleries\20210210 - Pink Frizz (Selfie Dump '20)\,
084.JPG,396779,f664f211,\Galleries\20210210 - Pink Frizz (Selfie Dump '20)\,
085.JPG,444518,145dbdd3,\Galleries\20210210 - Pink Frizz (Selfie Dump '20)\,
086.JPG,388388,ebf21640,\Galleries\20210210 - Pink Frizz (Selfie Dump '20)\,
087.JPG,527581,c0704b26,\Galleries\20210210 - Pink Frizz (Selfie Dump '20)\,
088.JPG,401987,bdcf55e0,\Galleries\20210210 - Pink Frizz (Selfie Dump '20)\,
!menu-sweetsweet.JPG,338267,6b7c559f,\Galleries\20210210 - Sweets for the Sweet\,
!title.JPG,325005,08d5e5a5,\Galleries\20210210 - Sweets for the Sweet\,
002.JPG,1005736,59449ec5,\Galleries\20210210 - Sweets for the Sweet\,
003.JPG,1046498,754c5d1d,\Galleries\20210210 - Sweets for the Sweet\,
005.JPG,993087,f526acb2,\Galleries\20210210 - Sweets for the Sweet\,
006.JPG,1013141,0f84f5f8,\Galleries\20210210 - Sweets for the Sweet\,
008.JPG,1019359,d536d012,\Galleries\20210210 - Sweets for the Sweet\,
010.JPG,1001760,7f188398,\Galleries\20210210 - Sweets for the Sweet\,
011.JPG,949942,b51987cd,\Galleries\20210210 - Sweets for the Sweet\,
012.JPG,1042967,af7c5c72,\Galleries\20210210 - Sweets for the Sweet\,
013.JPG,936938,9dabe1f8,\Galleries\20210210 - Sweets for the Sweet\,
014.JPG,1111198,aa8cdee0,\Galleries\20210210 - Sweets for the Sweet\,
015.JPG,1000876,4cde022c,\Galleries\20210210 - Sweets for the Sweet\,
016.JPG,1025995,43d91780,\Galleries\20210210 - Sweets for the Sweet\,
021.JPG,1017959,a0f69618,\Galleries\20210210 - Sweets for the Sweet\,
023.JPG,1021067,828a06b2,\Galleries\20210210 - Sweets for the Sweet\,
025.JPG,980090,b104a43e,\Galleries\20210210 - Sweets for the Sweet\,
027.JPG,974210,fc00ff1a,\Galleries\20210210 - Sweets for the Sweet\,
029.JPG,948251,d39c1e5d,\Galleries\20210210 - Sweets for the Sweet\,
031.JPG,1051047,fd65df80,\Galleries\20210210 - Sweets for the Sweet\,
032.JPG,1017921,b5e748cf,\Galleries\20210210 - Sweets for the Sweet\,
033.JPG,1027127,dbfb7abe,\Galleries\20210210 - Sweets for the Sweet\,
035.JPG,875049,08a30f06,\Galleries\20210210 - Sweets for the Sweet\,
036.JPG,997605,1b393e67,\Galleries\20210210 - Sweets for the Sweet\,
037.JPG,1043028,bfb27425,\Galleries\20210210 - Sweets for the Sweet\,
040.JPG,943830,e8a8fe36,\Galleries\20210210 - Sweets for the Sweet\,
041.JPG,1009279,92ad7ad6,\Galleries\20210210 - Sweets for the Sweet\,
042.JPG,991421,48086011,\Galleries\20210210 - Sweets for the Sweet\,
043.JPG,1004885,0c3e1341,\Galleries\20210210 - Sweets for the Sweet\,
044.JPG,856159,21c2703a,\Galleries\20210210 - Sweets for the Sweet\,
045.JPG,972930,216ff7d0,\Galleries\20210210 - Sweets for the Sweet\,
048.JPG,948896,0376e2c9,\Galleries\20210210 - Sweets for the Sweet\,
049.JPG,976061,50048198,\Galleries\20210210 - Sweets for the Sweet\,
050.JPG,933132,6441656a,\Galleries\20210210 - Sweets for the Sweet\,
051.JPG,936269,bd8fbd2d,\Galleries\20210210 - Sweets for the Sweet\,
052.JPG,1045060,84fd350f,\Galleries\20210210 - Sweets for the Sweet\,
053.JPG,954966,2035b31e,\Galleries\20210210 - Sweets for the Sweet\,
055.JPG,874416,d66dd17f,\Galleries\20210210 - Sweets for the Sweet\,
056.JPG,836829,912ecce1,\Galleries\20210210 - Sweets for the Sweet\,
057.JPG,1003166,eda07080,\Galleries\20210210 - Sweets for the Sweet\,
058.JPG,902789,6d272579,\Galleries\20210210 - Sweets for the Sweet\,
059.JPG,1022685,7dc25ba2,\Galleries\20210210 - Sweets for the Sweet\,
060.JPG,1206705,5e01b85a,\Galleries\20210210 - Sweets for the Sweet\,
062.JPG,1211692,5da12af3,\Galleries\20210210 - Sweets for the Sweet\,
064.JPG,1172940,85e884a8,\Galleries\20210210 - Sweets for the Sweet\,
065.JPG,1190887,1921f5fa,\Galleries\20210210 - Sweets for the Sweet\,
066.JPG,1248064,8b4634ec,\Galleries\20210210 - Sweets for the Sweet\,
067.JPG,1267435,ae2debe2,\Galleries\20210210 - Sweets for the Sweet\,
069.JPG,1287262,62aaa5c8,\Galleries\20210210 - Sweets for the Sweet\,
070.JPG,931180,8e862d57,\Galleries\20210210 - Sweets for the Sweet\,
071.JPG,1005189,d7a3b579,\Galleries\20210210 - Sweets for the Sweet\,
072.JPG,915245,201a4f10,\Galleries\20210210 - Sweets for the Sweet\,
074.JPG,931646,0ce83333,\Galleries\20210210 - Sweets for the Sweet\,
076.JPG,958036,4b15bc1f,\Galleries\20210210 - Sweets for the Sweet\,
077.JPG,966591,9cb5f718,\Galleries\20210210 - Sweets for the Sweet\,
078.JPG,902141,53e5d568,\Galleries\20210210 - Sweets for the Sweet\,
080.JPG,989515,53faeb2e,\Galleries\20210210 - Sweets for the Sweet\,
082.JPG,986567,75485c81,\Galleries\20210210 - Sweets for the Sweet\,
084.JPG,947402,0d69117f,\Galleries\20210210 - Sweets for the Sweet\,
085.JPG,964284,6cc21d5a,\Galleries\20210210 - Sweets for the Sweet\,
086.JPG,973549,2db1fc7e,\Galleries\20210210 - Sweets for the Sweet\,
087.JPG,1020785,370ab74b,\Galleries\20210210 - Sweets for the Sweet\,
088.JPG,993557,296e0187,\Galleries\20210210 - Sweets for the Sweet\,
090.JPG,959461,ca1d8f89,\Galleries\20210210 - Sweets for the Sweet\,
091.JPG,955982,6ac526bd,\Galleries\20210210 - Sweets for the Sweet\,
092.JPG,951148,7cbb4b5e,\Galleries\20210210 - Sweets for the Sweet\,
093.JPG,937546,14219f0f,\Galleries\20210210 - Sweets for the Sweet\,
095.JPG,981106,1e0f5af9,\Galleries\20210210 - Sweets for the Sweet\,
096.JPG,1045535,75b833df,\Galleries\20210210 - Sweets for the Sweet\,
097.JPG,931004,d9369af4,\Galleries\20210210 - Sweets for the Sweet\,
098.JPG,1019189,e679f18d,\Galleries\20210210 - Sweets for the Sweet\,
099.JPG,989621,524005a8,\Galleries\20210210 - Sweets for the Sweet\,
100.JPG,969537,07881d2c,\Galleries\20210210 - Sweets for the Sweet\,
101.JPG,929284,d3d78cd0,\Galleries\20210210 - Sweets for the Sweet\,
102.JPG,947270,77480e9c,\Galleries\20210210 - Sweets for the Sweet\,
103.JPG,971209,27a83811,\Galleries\20210210 - Sweets for the Sweet\,
106.JPG,1009410,4873fa46,\Galleries\20210210 - Sweets for the Sweet\,
109.JPG,1022304,efb5481f,\Galleries\20210210 - Sweets for the Sweet\,
113.JPG,1038503,921878c8,\Galleries\20210210 - Sweets for the Sweet\,
114.JPG,978602,88afd3a3,\Galleries\20210210 - Sweets for the Sweet\,
116.JPG,1043615,f401f60c,\Galleries\20210210 - Sweets for the Sweet\,
118.JPG,980228,dc096bc8,\Galleries\20210210 - Sweets for the Sweet\,
120.JPG,1004272,e7e1e664,\Galleries\20210210 - Sweets for the Sweet\,
122.JPG,928025,9059b6d5,\Galleries\20210210 - Sweets for the Sweet\,
123.JPG,979622,98c90669,\Galleries\20210210 - Sweets for the Sweet\,
124.JPG,971012,98cd0335,\Galleries\20210210 - Sweets for the Sweet\,
125.JPG,964056,c3afb67b,\Galleries\20210210 - Sweets for the Sweet\,
126.JPG,947019,a25dc46e,\Galleries\20210210 - Sweets for the Sweet\,
129.JPG,960051,601dfee4,\Galleries\20210210 - Sweets for the Sweet\,
131.JPG,971548,b0b2983e,\Galleries\20210210 - Sweets for the Sweet\,
133.JPG,988562,1b5df738,\Galleries\20210210 - Sweets for the Sweet\,
143.JPG,965590,83d167f4,\Galleries\20210210 - Sweets for the Sweet\,
146.JPG,857330,d355313c,\Galleries\20210210 - Sweets for the Sweet\,
147.JPG,969872,4f633675,\Galleries\20210210 - Sweets for the Sweet\,
148.JPG,864397,41c3ec9b,\Galleries\20210210 - Sweets for the Sweet\,
149.JPG,975121,1eb0ac02,\Galleries\20210210 - Sweets for the Sweet\,
151.JPG,1004262,7cabc632,\Galleries\20210210 - Sweets for the Sweet\,
153.JPG,897220,0bfa786e,\Galleries\20210210 - Sweets for the Sweet\,
154.JPG,853019,3969f0a7,\Galleries\20210210 - Sweets for the Sweet\,
156.JPG,920047,7b2caaa4,\Galleries\20210210 - Sweets for the Sweet\,
158.JPG,912244,363a92ba,\Galleries\20210210 - Sweets for the Sweet\,
160.JPG,912144,9e59a3c7,\Galleries\20210210 - Sweets for the Sweet\,
163.JPG,1133130,20ea2b96,\Galleries\20210210 - Sweets for the Sweet\,
164.JPG,908121,d7086b12,\Galleries\20210210 - Sweets for the Sweet\,
165.JPG,954250,dff4ac7e,\Galleries\20210210 - Sweets for the Sweet\,
166.JPG,915123,00c0d198,\Galleries\20210210 - Sweets for the Sweet\,
167.JPG,852998,f2ea8832,\Galleries\20210210 - Sweets for the Sweet\,
169.JPG,1000760,5c35a5db,\Galleries\20210210 - Sweets for the Sweet\,
170.JPG,1281566,be3014f8,\Galleries\20210210 - Sweets for the Sweet\,
172.JPG,1333269,a77caea8,\Galleries\20210210 - Sweets for the Sweet\,
173.JPG,1258655,c0161837,\Galleries\20210210 - Sweets for the Sweet\,
174.JPG,1320911,e5005323,\Galleries\20210210 - Sweets for the Sweet\,
176.JPG,1212629,1bb87f25,\Galleries\20210210 - Sweets for the Sweet\,
177.JPG,1323651,4ccad675,\Galleries\20210210 - Sweets for the Sweet\,
179.JPG,1060946,7fd04803,\Galleries\20210210 - Sweets for the Sweet\,
181.JPG,957785,da6d8ef6,\Galleries\20210210 - Sweets for the Sweet\,
183.JPG,1009955,1c930e22,\Galleries\20210210 - Sweets for the Sweet\,
184.JPG,981410,8a529613,\Galleries\20210210 - Sweets for the Sweet\,
185.JPG,950816,8ac4a56f,\Galleries\20210210 - Sweets for the Sweet\,
187.JPG,914768,4a6d45bf,\Galleries\20210210 - Sweets for the Sweet\,
190.JPG,994436,01e270c5,\Galleries\20210210 - Sweets for the Sweet\,
193.JPG,1018480,c462b620,\Galleries\20210210 - Sweets for the Sweet\,
194.JPG,1221514,9dbe0039,\Galleries\20210210 - Sweets for the Sweet\,
199.JPG,1182299,870f0605,\Galleries\20210210 - Sweets for the Sweet\,
200.JPG,938826,1126c7bd,\Galleries\20210210 - Sweets for the Sweet\,
203.JPG,990100,18c888fd,\Galleries\20210210 - Sweets for the Sweet\,
204.JPG,1079422,ad0dc373,\Galleries\20210210 - Sweets for the Sweet\,
205.JPG,922310,88501043,\Galleries\20210210 - Sweets for the Sweet\,
207.JPG,937241,a99eee44,\Galleries\20210210 - Sweets for the Sweet\,
210.JPG,903525,24d07af3,\Galleries\20210210 - Sweets for the Sweet\,
212.JPG,967546,4d5dee49,\Galleries\20210210 - Sweets for the Sweet\,
213.JPG,954470,84d13d8c,\Galleries\20210210 - Sweets for the Sweet\,
214.JPG,872574,12594f8b,\Galleries\20210210 - Sweets for the Sweet\,
216.JPG,869166,342b69f8,\Galleries\20210210 - Sweets for the Sweet\,
218.JPG,913049,38bb9157,\Galleries\20210210 - Sweets for the Sweet\,
221.JPG,926608,eb7d85a9,\Galleries\20210210 - Sweets for the Sweet\,
222.JPG,889931,e24a3ac7,\Galleries\20210210 - Sweets for the Sweet\,
225.JPG,943232,b2b0846a,\Galleries\20210210 - Sweets for the Sweet\,
226.JPG,944573,57bd3475,\Galleries\20210210 - Sweets for the Sweet\,
227.JPG,910544,4811a483,\Galleries\20210210 - Sweets for the Sweet\,
228.JPG,949328,fac69e30,\Galleries\20210210 - Sweets for the Sweet\,
230.JPG,906077,aaa603a9,\Galleries\20210210 - Sweets for the Sweet\,
232.JPG,938757,45ae4bd7,\Galleries\20210210 - Sweets for the Sweet\,
233.JPG,928371,9bb9fb08,\Galleries\20210210 - Sweets for the Sweet\,
235.JPG,1047048,5c5b3947,\Galleries\20210210 - Sweets for the Sweet\,
236.JPG,1071900,b170436d,\Galleries\20210210 - Sweets for the Sweet\,
237.JPG,1081154,a94751ad,\Galleries\20210210 - Sweets for the Sweet\,
239.JPG,1001546,124cd55f,\Galleries\20210210 - Sweets for the Sweet\,
240.JPG,969640,18291f26,\Galleries\20210210 - Sweets for the Sweet\,
241.JPG,951323,0a585163,\Galleries\20210210 - Sweets for the Sweet\,
245.JPG,954613,a03254f8,\Galleries\20210210 - Sweets for the Sweet\,
248.JPG,1025004,c8898f75,\Galleries\20210210 - Sweets for the Sweet\,
249.JPG,1077445,39609c8d,\Galleries\20210210 - Sweets for the Sweet\,
251.JPG,1206438,1f6d2dc3,\Galleries\20210210 - Sweets for the Sweet\,
256.JPG,1310086,9fdee768,\Galleries\20210210 - Sweets for the Sweet\,
257.JPG,1208261,9c05fba6,\Galleries\20210210 - Sweets for the Sweet\,
259.JPG,1194902,09b361b0,\Galleries\20210210 - Sweets for the Sweet\,
260.JPG,993141,9433685d,\Galleries\20210210 - Sweets for the Sweet\,
261.JPG,981736,cca25458,\Galleries\20210210 - Sweets for the Sweet\,
262.JPG,957904,5de5644c,\Galleries\20210210 - Sweets for the Sweet\,
263.JPG,923714,0162b817,\Galleries\20210210 - Sweets for the Sweet\,
264.JPG,945218,8650e8ae,\Galleries\20210210 - Sweets for the Sweet\,
265.JPG,962091,e123da62,\Galleries\20210210 - Sweets for the Sweet\,
267.JPG,1043413,56f4864e,\Galleries\20210210 - Sweets for the Sweet\,
268.JPG,1041293,d6e832c4,\Galleries\20210210 - Sweets for the Sweet\,
270.JPG,1109450,514da5a4,\Galleries\20210210 - Sweets for the Sweet\,
272.JPG,1105326,b52371f9,\Galleries\20210210 - Sweets for the Sweet\,
273.JPG,1048461,84fce1da,\Galleries\20210210 - Sweets for the Sweet\,
274.JPG,1071869,b385a312,\Galleries\20210210 - Sweets for the Sweet\,
275.JPG,1074751,a01cf766,\Galleries\20210210 - Sweets for the Sweet\,
276.JPG,1080156,c38e034a,\Galleries\20210210 - Sweets for the Sweet\,
279.JPG,978735,3e029665,\Galleries\20210210 - Sweets for the Sweet\,
280.JPG,998508,de31e8e1,\Galleries\20210210 - Sweets for the Sweet\,
286.JPG,969570,51ff1c87,\Galleries\20210210 - Sweets for the Sweet\,
287.JPG,916468,c67a60f8,\Galleries\20210210 - Sweets for the Sweet\,
288.JPG,1008520,b6738018,\Galleries\20210210 - Sweets for the Sweet\,
289.JPG,1032803,3be6ae23,\Galleries\20210210 - Sweets for the Sweet\,
290.JPG,1155395,6dc5f79d,\Galleries\20210210 - Sweets for the Sweet\,
291.JPG,1020206,309ce0e4,\Galleries\20210210 - Sweets for the Sweet\,
292.JPG,926557,6d44efae,\Galleries\20210210 - Sweets for the Sweet\,
293.JPG,903348,c6848223,\Galleries\20210210 - Sweets for the Sweet\,
294.JPG,856630,9426a44f,\Galleries\20210210 - Sweets for the Sweet\,
295.JPG,1016060,e5c22751,\Galleries\20210210 - Sweets for the Sweet\,
296.JPG,948016,5926c0eb,\Galleries\20210210 - Sweets for the Sweet\,
297.JPG,999957,2870a021,\Galleries\20210210 - Sweets for the Sweet\,
!menu-pussycatbettie.JPG,339249,3aee6b60,\Galleries\20210310 - Bettie Pussycat\,
!title.JPG,334432,b9d1b8fa,\Galleries\20210310 - Bettie Pussycat\,
002.JPG,1051690,2cff20ec,\Galleries\20210310 - Bettie Pussycat\,
003.JPG,1056307,4936b1bd,\Galleries\20210310 - Bettie Pussycat\,
004.JPG,972732,5e474ddf,\Galleries\20210310 - Bettie Pussycat\,
005.JPG,953086,9ff8d0a3,\Galleries\20210310 - Bettie Pussycat\,
007.JPG,1479359,d6c19698,\Galleries\20210310 - Bettie Pussycat\,
009.JPG,916930,1049bfc9,\Galleries\20210310 - Bettie Pussycat\,
010.JPG,979352,a1030fd2,\Galleries\20210310 - Bettie Pussycat\,
011.JPG,1006985,6e7df1f5,\Galleries\20210310 - Bettie Pussycat\,
012.JPG,1553996,63d7cd60,\Galleries\20210310 - Bettie Pussycat\,
014.JPG,916476,8f4036db,\Galleries\20210310 - Bettie Pussycat\,
017.JPG,1085495,8b39c865,\Galleries\20210310 - Bettie Pussycat\,
018.JPG,1073435,f5ceca28,\Galleries\20210310 - Bettie Pussycat\,
019.JPG,1106726,83c66777,\Galleries\20210310 - Bettie Pussycat\,
020.JPG,1045914,f0833c44,\Galleries\20210310 - Bettie Pussycat\,
021.JPG,1034065,ddb43f8a,\Galleries\20210310 - Bettie Pussycat\,
022.JPG,1024615,a285c122,\Galleries\20210310 - Bettie Pussycat\,
024.JPG,946869,7aa70320,\Galleries\20210310 - Bettie Pussycat\,
025.JPG,1029940,17ce3698,\Galleries\20210310 - Bettie Pussycat\,
026.JPG,1018724,31e9c783,\Galleries\20210310 - Bettie Pussycat\,
027.JPG,894524,6cabc3c4,\Galleries\20210310 - Bettie Pussycat\,
028.JPG,1061997,b94118b9,\Galleries\20210310 - Bettie Pussycat\,
030.JPG,1263534,ee63537e,\Galleries\20210310 - Bettie Pussycat\,
031.JPG,1187092,69a2db0b,\Galleries\20210310 - Bettie Pussycat\,
033.JPG,1196081,93e37901,\Galleries\20210310 - Bettie Pussycat\,
034.JPG,1184311,384cfcda,\Galleries\20210310 - Bettie Pussycat\,
036.JPG,1006408,86fb4010,\Galleries\20210310 - Bettie Pussycat\,
039.JPG,989460,9eaad7e7,\Galleries\20210310 - Bettie Pussycat\,
040.JPG,1061555,b9c6dcea,\Galleries\20210310 - Bettie Pussycat\,
041.JPG,985280,8358e85c,\Galleries\20210310 - Bettie Pussycat\,
043.JPG,964682,debe3de3,\Galleries\20210310 - Bettie Pussycat\,
045.JPG,1049390,4a4e1f4a,\Galleries\20210310 - Bettie Pussycat\,
047.JPG,942488,b955b05b,\Galleries\20210310 - Bettie Pussycat\,
048.JPG,1047430,ac61d1c1,\Galleries\20210310 - Bettie Pussycat\,
049.JPG,959577,51d909d4,\Galleries\20210310 - Bettie Pussycat\,
050.JPG,956071,5c130ed0,\Galleries\20210310 - Bettie Pussycat\,
051.JPG,1036420,9d4e6159,\Galleries\20210310 - Bettie Pussycat\,
053.JPG,887404,d1454bbd,\Galleries\20210310 - Bettie Pussycat\,
055.JPG,924265,065d307b,\Galleries\20210310 - Bettie Pussycat\,
057.JPG,819351,6bee9c50,\Galleries\20210310 - Bettie Pussycat\,
058.JPG,991975,ef8e1e36,\Galleries\20210310 - Bettie Pussycat\,
059.JPG,895174,98f25e3a,\Galleries\20210310 - Bettie Pussycat\,
060.JPG,1103080,2cd86cf1,\Galleries\20210310 - Bettie Pussycat\,
061.JPG,930133,e2dedbb0,\Galleries\20210310 - Bettie Pussycat\,
062.JPG,1138823,416cce69,\Galleries\20210310 - Bettie Pussycat\,
063.JPG,1016683,efe85905,\Galleries\20210310 - Bettie Pussycat\,
065.JPG,1065204,9d03d1d4,\Galleries\20210310 - Bettie Pussycat\,
066.JPG,1015483,bb0a45d9,\Galleries\20210310 - Bettie Pussycat\,
067.JPG,1057952,d7d78f1b,\Galleries\20210310 - Bettie Pussycat\,
068.JPG,1132046,05aa6ab8,\Galleries\20210310 - Bettie Pussycat\,
069.JPG,1081381,7d2a71ce,\Galleries\20210310 - Bettie Pussycat\,
071.JPG,1193962,5b35434a,\Galleries\20210310 - Bettie Pussycat\,
072.JPG,1082628,16122a07,\Galleries\20210310 - Bettie Pussycat\,
073.JPG,1071407,8d3233a5,\Galleries\20210310 - Bettie Pussycat\,
074.JPG,1092990,24837b0c,\Galleries\20210310 - Bettie Pussycat\,
075.JPG,1016295,16cf37d9,\Galleries\20210310 - Bettie Pussycat\,
076.JPG,1091761,2abab403,\Galleries\20210310 - Bettie Pussycat\,
077.JPG,1068361,6b43c17d,\Galleries\20210310 - Bettie Pussycat\,
078.JPG,1101210,2ebeca66,\Galleries\20210310 - Bettie Pussycat\,
079.JPG,1133613,0b0f18dd,\Galleries\20210310 - Bettie Pussycat\,
080.JPG,1000669,e4433ece,\Galleries\20210310 - Bettie Pussycat\,
083.JPG,978603,9aa40b42,\Galleries\20210310 - Bettie Pussycat\,
084.JPG,1022087,9f7c552e,\Galleries\20210310 - Bettie Pussycat\,
085.JPG,1040287,c57dd306,\Galleries\20210310 - Bettie Pussycat\,
086.JPG,1089563,b6763762,\Galleries\20210310 - Bettie Pussycat\,
087.JPG,993660,aab004ae,\Galleries\20210310 - Bettie Pussycat\,
089.JPG,953477,27ed2f0d,\Galleries\20210310 - Bettie Pussycat\,
091.JPG,1000322,8de1d0e7,\Galleries\20210310 - Bettie Pussycat\,
092.JPG,1006018,8b070058,\Galleries\20210310 - Bettie Pussycat\,
093.JPG,914279,6f1b2de0,\Galleries\20210310 - Bettie Pussycat\,
094.JPG,988380,61810e0b,\Galleries\20210310 - Bettie Pussycat\,
095.JPG,992060,af4ba34e,\Galleries\20210310 - Bettie Pussycat\,
096.JPG,974757,ed2424b7,\Galleries\20210310 - Bettie Pussycat\,
097.JPG,933758,81b42209,\Galleries\20210310 - Bettie Pussycat\,
098.JPG,1127590,17c93378,\Galleries\20210310 - Bettie Pussycat\,
099.JPG,1015868,b422d759,\Galleries\20210310 - Bettie Pussycat\,
100.JPG,1113386,54ead05d,\Galleries\20210310 - Bettie Pussycat\,
101.JPG,1050415,01ed06d2,\Galleries\20210310 - Bettie Pussycat\,
103.JPG,1047548,046f9bd4,\Galleries\20210310 - Bettie Pussycat\,
104.JPG,1078163,452a3ab6,\Galleries\20210310 - Bettie Pussycat\,
105.JPG,996361,259d79b3,\Galleries\20210310 - Bettie Pussycat\,
106.JPG,1065431,7827c987,\Galleries\20210310 - Bettie Pussycat\,
107.JPG,1060887,ca31473a,\Galleries\20210310 - Bettie Pussycat\,
108.JPG,1054166,8d922658,\Galleries\20210310 - Bettie Pussycat\,
109.JPG,1012033,abd9d71a,\Galleries\20210310 - Bettie Pussycat\,
110.JPG,1000005,89c2f46d,\Galleries\20210310 - Bettie Pussycat\,
111.JPG,1017904,8a74c853,\Galleries\20210310 - Bettie Pussycat\,
112.JPG,893234,d6aca260,\Galleries\20210310 - Bettie Pussycat\,
113.JPG,988620,d4282811,\Galleries\20210310 - Bettie Pussycat\,
114.JPG,986394,b2368df3,\Galleries\20210310 - Bettie Pussycat\,
116.JPG,1085238,3c00f812,\Galleries\20210310 - Bettie Pussycat\,
117.JPG,958470,06223000,\Galleries\20210310 - Bettie Pussycat\,
118.JPG,989584,8e8be10c,\Galleries\20210310 - Bettie Pussycat\,
119.JPG,907394,01726965,\Galleries\20210310 - Bettie Pussycat\,
120.JPG,1078415,92c94940,\Galleries\20210310 - Bettie Pussycat\,
121.JPG,1084914,d52f40f9,\Galleries\20210310 - Bettie Pussycat\,
122.JPG,1004382,f9e53be6,\Galleries\20210310 - Bettie Pussycat\,
123.JPG,1094199,8d2cc554,\Galleries\20210310 - Bettie Pussycat\,
125.JPG,1029758,193686a3,\Galleries\20210310 - Bettie Pussycat\,
126.JPG,993908,fcc72dc2,\Galleries\20210310 - Bettie Pussycat\,
127.JPG,1037804,96f5f4da,\Galleries\20210310 - Bettie Pussycat\,
128.JPG,1137275,8aebcd58,\Galleries\20210310 - Bettie Pussycat\,
129.JPG,991665,77772d40,\Galleries\20210310 - Bettie Pussycat\,
132.JPG,1095505,4b6c9122,\Galleries\20210310 - Bettie Pussycat\,
133.JPG,1028699,80521a9e,\Galleries\20210310 - Bettie Pussycat\,
134.JPG,1110339,909fae0a,\Galleries\20210310 - Bettie Pussycat\,
135.JPG,980569,315cd8d1,\Galleries\20210310 - Bettie Pussycat\,
136.JPG,983042,7be5b43a,\Galleries\20210310 - Bettie Pussycat\,
137.JPG,1013127,0adb0ed1,\Galleries\20210310 - Bettie Pussycat\,
138.JPG,933186,c867c423,\Galleries\20210310 - Bettie Pussycat\,
140.JPG,964633,774a5fd5,\Galleries\20210310 - Bettie Pussycat\,
141.JPG,1126078,82d34c27,\Galleries\20210310 - Bettie Pussycat\,
142.JPG,1020829,f11206cd,\Galleries\20210310 - Bettie Pussycat\,
143.JPG,1039906,1f29f3dd,\Galleries\20210310 - Bettie Pussycat\,
144.JPG,940818,ec2b5a75,\Galleries\20210310 - Bettie Pussycat\,
146.JPG,910172,ae87cf34,\Galleries\20210310 - Bettie Pussycat\,
148.JPG,985343,c11a283f,\Galleries\20210310 - Bettie Pussycat\,
149.JPG,1052896,038df200,\Galleries\20210310 - Bettie Pussycat\,
150.JPG,1002827,4780b8b8,\Galleries\20210310 - Bettie Pussycat\,
151.JPG,1149655,c1787029,\Galleries\20210310 - Bettie Pussycat\,
152.JPG,1025079,374a603c,\Galleries\20210310 - Bettie Pussycat\,
153.JPG,1147049,736df281,\Galleries\20210310 - Bettie Pussycat\,
154.JPG,939702,b377225b,\Galleries\20210310 - Bettie Pussycat\,
155.JPG,1137145,f8e59963,\Galleries\20210310 - Bettie Pussycat\,
156.JPG,1008874,02cf42d3,\Galleries\20210310 - Bettie Pussycat\,
157.JPG,1116569,e7b0c618,\Galleries\20210310 - Bettie Pussycat\,
158.JPG,965326,ffc224c7,\Galleries\20210310 - Bettie Pussycat\,
159.JPG,980434,03ce0723,\Galleries\20210310 - Bettie Pussycat\,
160.JPG,1013002,25d6a91b,\Galleries\20210310 - Bettie Pussycat\,
161.JPG,1053902,63432273,\Galleries\20210310 - Bettie Pussycat\,
162.JPG,1166635,bb48678a,\Galleries\20210310 - Bettie Pussycat\,
164.JPG,877006,cd937243,\Galleries\20210310 - Bettie Pussycat\,
165.JPG,1185847,5970ebff,\Galleries\20210310 - Bettie Pussycat\,
166.JPG,1039992,b8cc049f,\Galleries\20210310 - Bettie Pussycat\,
167.JPG,1015904,a194d9d1,\Galleries\20210310 - Bettie Pussycat\,
168.JPG,1137614,ed8c8256,\Galleries\20210310 - Bettie Pussycat\,
169.JPG,884577,e06b5266,\Galleries\20210310 - Bettie Pussycat\,
171.JPG,816103,a55ddc03,\Galleries\20210310 - Bettie Pussycat\,
174.JPG,1154926,70a540b9,\Galleries\20210310 - Bettie Pussycat\,
175.JPG,916862,2f2e061a,\Galleries\20210310 - Bettie Pussycat\,
177.JPG,1047381,ee9f2b19,\Galleries\20210310 - Bettie Pussycat\,
178.JPG,1109914,7a0750b4,\Galleries\20210310 - Bettie Pussycat\,
179.JPG,1145184,0f7200dc,\Galleries\20210310 - Bettie Pussycat\,
180.JPG,1001298,e474b1f5,\Galleries\20210310 - Bettie Pussycat\,
181.JPG,1102206,d9ceea41,\Galleries\20210310 - Bettie Pussycat\,
182.JPG,956324,5bbf2632,\Galleries\20210310 - Bettie Pussycat\,
183.JPG,1131820,f19625e4,\Galleries\20210310 - Bettie Pussycat\,
184.JPG,980976,132f6905,\Galleries\20210310 - Bettie Pussycat\,
185.JPG,1119021,f7a7f626,\Galleries\20210310 - Bettie Pussycat\,
186.JPG,993112,e9b1ad8e,\Galleries\20210310 - Bettie Pussycat\,
187.JPG,1072292,5f270a86,\Galleries\20210310 - Bettie Pussycat\,
188.JPG,1058394,2797e569,\Galleries\20210310 - Bettie Pussycat\,
189.JPG,1038885,3223f031,\Galleries\20210310 - Bettie Pussycat\,
190.JPG,990011,cb295866,\Galleries\20210310 - Bettie Pussycat\,
191.JPG,1187461,72c0eb9d,\Galleries\20210310 - Bettie Pussycat\,
192.JPG,1062752,28b5ad21,\Galleries\20210310 - Bettie Pussycat\,
193.JPG,978706,08e2e6d3,\Galleries\20210310 - Bettie Pussycat\,
194.JPG,1092133,b60de564,\Galleries\20210310 - Bettie Pussycat\,
195.JPG,966376,7a34a78f,\Galleries\20210310 - Bettie Pussycat\,
197.JPG,1047070,2a793cb9,\Galleries\20210310 - Bettie Pussycat\,
198.JPG,1075021,e5c19655,\Galleries\20210310 - Bettie Pussycat\,
199.JPG,1057959,d97b4cce,\Galleries\20210310 - Bettie Pussycat\,
200.JPG,1133811,3473f3e6,\Galleries\20210310 - Bettie Pussycat\,
201.JPG,1101108,6f6cc0a0,\Galleries\20210310 - Bettie Pussycat\,
202.JPG,1084924,aa5c6202,\Galleries\20210310 - Bettie Pussycat\,
203.JPG,1132079,c6ebfb2b,\Galleries\20210310 - Bettie Pussycat\,
204.JPG,1118638,3afea5d7,\Galleries\20210310 - Bettie Pussycat\,
205.JPG,1077869,da677e1e,\Galleries\20210310 - Bettie Pussycat\,
206.JPG,1130173,1f08445d,\Galleries\20210310 - Bettie Pussycat\,
207.JPG,1158065,d60a0005,\Galleries\20210310 - Bettie Pussycat\,
208.JPG,1085393,0f9f770a,\Galleries\20210310 - Bettie Pussycat\,
209.JPG,1085283,4dc76989,\Galleries\20210310 - Bettie Pussycat\,
210.JPG,1114937,8f293955,\Galleries\20210310 - Bettie Pussycat\,
211.JPG,1087015,2e0fae91,\Galleries\20210310 - Bettie Pussycat\,
212.JPG,1086960,20baf86c,\Galleries\20210310 - Bettie Pussycat\,
213.JPG,1074627,e453d297,\Galleries\20210310 - Bettie Pussycat\,
214.JPG,1038153,81dbfdaf,\Galleries\20210310 - Bettie Pussycat\,
215.JPG,1103180,626e8e39,\Galleries\20210310 - Bettie Pussycat\,
216.JPG,1053200,49e62331,\Galleries\20210310 - Bettie Pussycat\,
218.JPG,1090730,0899c676,\Galleries\20210310 - Bettie Pussycat\,
219.JPG,1086291,8bc84f56,\Galleries\20210310 - Bettie Pussycat\,
220.JPG,981375,34eca9dd,\Galleries\20210310 - Bettie Pussycat\,
221.JPG,1035936,b457b588,\Galleries\20210310 - Bettie Pussycat\,
222.JPG,1031849,90b53768,\Galleries\20210310 - Bettie Pussycat\,
223.JPG,977110,0245f743,\Galleries\20210310 - Bettie Pussycat\,
224.JPG,1045354,74600e79,\Galleries\20210310 - Bettie Pussycat\,
225.JPG,1096194,5fa0a704,\Galleries\20210310 - Bettie Pussycat\,
226.JPG,1041943,5196809c,\Galleries\20210310 - Bettie Pussycat\,
