SMS_6898.jpg,501373,84cfad7e,\201301\Jenna\20130116 - Set 1 - Cigar\,
SMS_6899.jpg,467571,8b63ecd6,\201301\Jenna\20130116 - Set 1 - Cigar\,
SMS_6900.jpg,488660,e4d5ca46,\201301\Jenna\20130116 - Set 1 - Cigar\,
SMS_6901.jpg,506045,ebffe593,\201301\Jenna\20130116 - Set 1 - Cigar\,
SMS_6902.jpg,501326,4e1f90c8,\201301\Jenna\20130116 - Set 1 - Cigar\,
SMS_6903.jpg,522875,3b05d371,\201301\Jenna\20130116 - Set 1 - Cigar\,
SMS_6904.jpg,479058,9b9e6b58,\201301\Jenna\20130116 - Set 1 - Cigar\,
SMS_6905.jpg,499303,b310287d,\201301\Jenna\20130116 - Set 1 - Cigar\,
SMS_6906.jpg,427225,da8ddf04,\201301\Jenna\20130116 - Set 1 - Cigar\,
SMS_6907.jpg,475250,312d770d,\201301\Jenna\20130116 - Set 1 - Cigar\,
SMS_6908.jpg,463927,b804f695,\201301\Jenna\20130116 - Set 1 - Cigar\,
SMS_6909.jpg,483650,22a85d8b,\201301\Jenna\20130116 - Set 1 - Cigar\,
SMS_6910.jpg,450787,38c6e6ea,\201301\Jenna\20130116 - Set 1 - Cigar\,
SMS_6911.jpg,496076,dfddfa20,\201301\Jenna\20130116 - Set 1 - Cigar\,
SMS_6912.jpg,469004,d1f4709d,\201301\Jenna\20130116 - Set 1 - Cigar\,
SMS_6913.jpg,485224,17063112,\201301\Jenna\20130116 - Set 1 - Cigar\,
SMS_6914.jpg,430414,e2fa4255,\201301\Jenna\20130116 - Set 1 - Cigar\,
SMS_6915.jpg,369668,4dcbaa5a,\201301\Jenna\20130116 - Set 1 - Cigar\,
SMS_6916.jpg,404794,1da3f504,\201301\Jenna\20130116 - Set 1 - Cigar\,
SMS_6917.jpg,496503,d357bfbf,\201301\Jenna\20130116 - Set 1 - Cigar\,
SMS_6918.jpg,490402,e429a100,\201301\Jenna\20130116 - Set 1 - Cigar\,
SMS_6919.jpg,473482,7111f1bd,\201301\Jenna\20130116 - Set 1 - Cigar\,
SMS_6920.jpg,467069,9f05c669,\201301\Jenna\20130116 - Set 1 - Cigar\,
SMS_6921.jpg,438316,006394d0,\201301\Jenna\20130116 - Set 1 - Cigar\,
SMS_6922.jpg,486232,e8ad1607,\201301\Jenna\20130116 - Set 1 - Cigar\,
SMS_6923.jpg,469477,1978c7a0,\201301\Jenna\20130116 - Set 1 - Cigar\,
SMS_6924.jpg,470128,94a0b02a,\201301\Jenna\20130116 - Set 1 - Cigar\,
SMS_6925.jpg,444993,5ff84765,\201301\Jenna\20130116 - Set 1 - Cigar\,
SMS_6926.jpg,436156,7ba54168,\201301\Jenna\20130116 - Set 1 - Cigar\,
SMS_6927.jpg,488587,66eb66f6,\201301\Jenna\20130116 - Set 1 - Cigar\,
SMS_6928.jpg,486837,a9567fa4,\201301\Jenna\20130116 - Set 1 - Cigar\,
SMS_6929.jpg,479018,baf68274,\201301\Jenna\20130116 - Set 1 - Cigar\,
SMS_6930.jpg,468632,0458d306,\201301\Jenna\20130116 - Set 1 - Cigar\,
SMS_6931.jpg,457494,9e683d27,\201301\Jenna\20130116 - Set 1 - Cigar\,
SMS_6932.jpg,471239,ab1b02e0,\201301\Jenna\20130116 - Set 1 - Cigar\,
SMS_6933.jpg,435894,2a2dc39e,\201301\Jenna\20130116 - Set 1 - Cigar\,
SMS_6934.jpg,436710,fd914798,\201301\Jenna\20130116 - Set 1 - Cigar\,
SMS_6935.jpg,449822,a8e5e158,\201301\Jenna\20130116 - Set 1 - Cigar\,
SMS_6936.jpg,488286,c803b021,\201301\Jenna\20130116 - Set 1 - Cigar\,
SMS_6937.jpg,469801,ad750c47,\201301\Jenna\20130116 - Set 1 - Cigar\,
SMS_6938.jpg,401647,f61525e5,\201301\Jenna\20130116 - Set 1 - Cigar\,
SMS_6939.jpg,395825,39377b41,\201301\Jenna\20130116 - Set 1 - Cigar\,
SMS_6940.jpg,394575,5205c960,\201301\Jenna\20130116 - Set 1 - Cigar\,
SMS_6941.jpg,390565,3c89c4b2,\201301\Jenna\20130116 - Set 1 - Cigar\,
SMS_6942.jpg,392164,9fc7c6d0,\201301\Jenna\20130116 - Set 1 - Cigar\,
SMS_6943.jpg,390402,2a1e0475,\201301\Jenna\20130116 - Set 1 - Cigar\,
SMS_6944.jpg,393636,cff9e3ac,\201301\Jenna\20130116 - Set 1 - Cigar\,
SMS_6945.jpg,392018,27468d78,\201301\Jenna\20130116 - Set 1 - Cigar\,
SMS_6946.jpg,390501,77bfdafa,\201301\Jenna\20130116 - Set 1 - Cigar\,
SMS_6947.jpg,391066,a10f9bc2,\201301\Jenna\20130116 - Set 1 - Cigar\,
SMS_6948.jpg,398238,71405163,\201301\Jenna\20130116 - Set 1 - Cigar\,
SMS_6949.jpg,399321,6db6f080,\201301\Jenna\20130116 - Set 1 - Cigar\,
SMS_6950.jpg,401954,738ad7b9,\201301\Jenna\20130116 - Set 1 - Cigar\,
SMS_6951.jpg,398020,e81aa990,\201301\Jenna\20130116 - Set 1 - Cigar\,
SMS_6952.jpg,409994,c07dce38,\201301\Jenna\20130116 - Set 1 - Cigar\,
SMS_6953.jpg,418527,470b2de5,\201301\Jenna\20130116 - Set 1 - Cigar\,
SMS_6954.jpg,404511,04514723,\201301\Jenna\20130116 - Set 1 - Cigar\,
SMS_6955.jpg,396690,9fab3891,\201301\Jenna\20130116 - Set 1 - Cigar\,
SMS_6956.jpg,436765,d87a16d7,\201301\Jenna\20130116 - Set 1 - Cigar\,
SMS_6957.jpg,441261,f595a841,\201301\Jenna\20130116 - Set 1 - Cigar\,
SMS_6958.jpg,446266,b15dc21c,\201301\Jenna\20130116 - Set 1 - Cigar\,
SMS_6959.jpg,442264,c28ddc52,\201301\Jenna\20130116 - Set 1 - Cigar\,
SMS_6960.jpg,435810,1aaca55c,\201301\Jenna\20130116 - Set 1 - Cigar\,
SMS_6961.jpg,434859,3e69c370,\201301\Jenna\20130116 - Set 1 - Cigar\,
SMS_6962.jpg,416370,613a8c62,\201301\Jenna\20130116 - Set 1 - Cigar\,
SMS_6963.jpg,499492,539d5c5e,\201301\Jenna\20130116 - Set 1 - Cigar\,
SMS_6964.jpg,455559,73e80112,\201301\Jenna\20130116 - Set 1 - Cigar\,
SMS_6965.jpg,448636,a337c66d,\201301\Jenna\20130116 - Set 1 - Cigar\,
SMS_6966.jpg,427861,a844990b,\201301\Jenna\20130116 - Set 1 - Cigar\,
SMS_6967.jpg,416342,2cba091d,\201301\Jenna\20130116 - Set 1 - Cigar\,
SMS_6968.jpg,427362,04047bec,\201301\Jenna\20130116 - Set 1 - Cigar\,
SMS_6969.jpg,379733,ab474d09,\201301\Jenna\20130116 - Set 1 - Cigar\,
SMS_6970.jpg,374004,1d64051a,\201301\Jenna\20130116 - Set 1 - Cigar\,
SMS_6971.jpg,372927,ccbd4b71,\201301\Jenna\20130116 - Set 1 - Cigar\,
SMS_6972.jpg,370897,5ccf3679,\201301\Jenna\20130116 - Set 1 - Cigar\,
SMS_6973.jpg,492334,9bf983ab,\201301\Jenna\20130116 - Set 1 - Cigar\,
SMS_6974.jpg,517224,895588a8,\201301\Jenna\20130116 - Set 1 - Cigar\,
SMS_6975.jpg,513755,2c69a7bb,\201301\Jenna\20130116 - Set 1 - Cigar\,
SMS_6976.jpg,495846,1898f554,\201301\Jenna\20130116 - Set 1 - Cigar\,
SMS_6977.jpg,512604,bebe70f7,\201301\Jenna\20130116 - Set 1 - Cigar\,
SMS_6978.jpg,517266,75fddb2d,\201301\Jenna\20130116 - Set 1 - Cigar\,
SMS_6979.jpg,463107,a67b62f2,\201301\Jenna\20130116 - Set 1 - Cigar\,
SMS_6980.jpg,466218,248f47b7,\201301\Jenna\20130116 - Set 1 - Cigar\,
SMS_6981.jpg,463759,39c2d675,\201301\Jenna\20130116 - Set 1 - Cigar\,
SMS_6982.jpg,465356,f3a3ea55,\201301\Jenna\20130116 - Set 1 - Cigar\,
SMS_6983.jpg,466535,5b561ff3,\201301\Jenna\20130116 - Set 1 - Cigar\,
SMS_6984.jpg,471214,4d59c0a4,\201301\Jenna\20130116 - Set 1 - Cigar\,
SMS_6985.jpg,465065,33c8cc8e,\201301\Jenna\20130116 - Set 1 - Cigar\,
SMS_6986.jpg,467805,41f7148e,\201301\Jenna\20130116 - Set 1 - Cigar\,
SMS_6987.jpg,473124,3f405f96,\201301\Jenna\20130116 - Set 1 - Cigar\,
SMS_6988.jpg,467066,a8f82019,\201301\Jenna\20130116 - Set 1 - Cigar\,
SMS_6989.jpg,445092,9f837671,\201301\Jenna\20130116 - Set 1 - Cigar\,
SMS_6990.jpg,493917,87d68d0f,\201301\Jenna\20130116 - Set 1 - Cigar\,
SMS_6991.jpg,484980,4bc0f1d3,\201301\Jenna\20130116 - Set 1 - Cigar\,
SMS_6992.jpg,483321,bcff5e96,\201301\Jenna\20130116 - Set 1 - Cigar\,
SMS_6993.jpg,498589,d1d9df37,\201301\Jenna\20130116 - Set 1 - Cigar\,
SMS_6994.jpg,411263,e3c431ca,\201301\Jenna\20130116 - Set 1 - Cigar\,
SMS_6995.jpg,492877,7c5e9dea,\201301\Jenna\20130116 - Set 1 - Cigar\,
SMS_6996.jpg,484347,6af42dbc,\201301\Jenna\20130116 - Set 1 - Cigar\,
SMS_6997.jpg,482163,17285265,\201301\Jenna\20130116 - Set 1 - Cigar\,
SMS_6998.jpg,470509,2aa8fbdb,\201301\Jenna\20130116 - Set 1 - Cigar\,
SMS_6999.jpg,482668,80357d7c,\201301\Jenna\20130116 - Set 1 - Cigar\,
SMS_7000.jpg,507319,5b59b9f0,\201301\Jenna\20130116 - Set 1 - Cigar\,
SMS_7001.jpg,471569,e1c99f44,\201301\Jenna\20130116 - Set 1 - Cigar\,
SMS_7002.jpg,430160,676dac86,\201301\Jenna\20130116 - Set 1 - Cigar\,
SMS_7003.jpg,412597,76bd9644,\201301\Jenna\20130116 - Set 1 - Cigar\,
SMS_7004.jpg,453547,40960fec,\201301\Jenna\20130116 - Set 1 - Cigar\,
SMS_7005.jpg,489417,7ba0568b,\201301\Jenna\20130116 - Set 1 - Cigar\,
SMS_7006.jpg,484210,f2bd8dbd,\201301\Jenna\20130116 - Set 1 - Cigar\,
SMS_7007.jpg,459309,00471a5d,\201301\Jenna\20130116 - Set 1 - Cigar\,
SMS_7008.jpg,375102,54de148e,\201301\Jenna\20130116 - Set 1 - Cigar\,
SMS_7009.jpg,382942,f017eadf,\201301\Jenna\20130116 - Set 1 - Cigar\,
SMS_7010.jpg,371299,0b04854d,\201301\Jenna\20130116 - Set 1 - Cigar\,
SMS_7011.jpg,368578,683c65ec,\201301\Jenna\20130116 - Set 1 - Cigar\,
SMS_7012.jpg,355118,73cd6725,\201301\Jenna\20130116 - Set 1 - Cigar\,
SMS_7013.jpg,370334,167504ad,\201301\Jenna\20130116 - Set 1 - Cigar\,
SMS_7014.jpg,378734,088a90cd,\201301\Jenna\20130116 - Set 1 - Cigar\,
SMS_7015.jpg,469028,b93dc3ff,\201301\Jenna\20130116 - Set 1 - Cigar\,
SMS_7016.jpg,452169,3efa7438,\201301\Jenna\20130116 - Set 1 - Cigar\,
SMS_7017.jpg,385563,42885196,\201301\Jenna\20130116 - Set 1 - Cigar\,
SMS_7018.jpg,389177,73c1a09a,\201301\Jenna\20130116 - Set 1 - Cigar\,
SMS_7019.jpg,400642,832d16ba,\201301\Jenna\20130116 - Set 1 - Cigar\,
SMS_7020.jpg,413058,682b9b5e,\201301\Jenna\20130116 - Set 1 - Cigar\,
SMS_7021.jpg,465849,dee09e3c,\201301\Jenna\20130116 - Set 1 - Cigar\,
SMS_7022.jpg,414599,3038490b,\201301\Jenna\20130116 - Set 1 - Cigar\,
SMS_7023.jpg,426215,b1c8b3d0,\201301\Jenna\20130116 - Set 1 - Cigar\,
SMS_7024.jpg,454654,cd0017bc,\201301\Jenna\20130116 - Set 1 - Cigar\,
SMS_7025.jpg,399452,a91a359f,\201301\Jenna\20130116 - Set 1 - Cigar\,
SMS_7026.jpg,402972,bb36d5fb,\201301\Jenna\20130116 - Set 1 - Cigar\,
SMS_7027.jpg,410383,66bcad1a,\201301\Jenna\20130116 - Set 1 - Cigar\,
SMS_7028.jpg,444363,5e9e6f93,\201301\Jenna\20130116 - Set 1 - Cigar\,
SMS_7029.jpg,425320,ff3c35b1,\201301\Jenna\20130116 - Set 1 - Cigar\,
SMC_9418.jpg,522585,cf61a464,\201301\Ximena\20130123 - Set 3 - Fishnet Bodysuit\,
SMC_9419.jpg,493608,7127e199,\201301\Ximena\20130123 - Set 3 - Fishnet Bodysuit\,
SMC_9420.jpg,497123,764c7c27,\201301\Ximena\20130123 - Set 3 - Fishnet Bodysuit\,
SMC_9421.jpg,534397,7725e229,\201301\Ximena\20130123 - Set 3 - Fishnet Bodysuit\,
SMC_9422.jpg,490254,3cd7e662,\201301\Ximena\20130123 - Set 3 - Fishnet Bodysuit\,
SMC_9423.jpg,501158,780bdb38,\201301\Ximena\20130123 - Set 3 - Fishnet Bodysuit\,
SMC_9424.jpg,505563,00c39c26,\201301\Ximena\20130123 - Set 3 - Fishnet Bodysuit\,
SMC_9425.jpg,516257,fd9c147c,\201301\Ximena\20130123 - Set 3 - Fishnet Bodysuit\,
SMC_9426.jpg,527560,658655da,\201301\Ximena\20130123 - Set 3 - Fishnet Bodysuit\,
SMC_9427.jpg,511519,94d9eeac,\201301\Ximena\20130123 - Set 3 - Fishnet Bodysuit\,
SMC_9428.jpg,541889,e5770179,\201301\Ximena\20130123 - Set 3 - Fishnet Bodysuit\,
SMC_9429.jpg,428334,74908a68,\201301\Ximena\20130123 - Set 3 - Fishnet Bodysuit\,
SMC_9430.jpg,427874,7b9a2f61,\201301\Ximena\20130123 - Set 3 - Fishnet Bodysuit\,
SMC_9431.jpg,423897,a2a5b18e,\201301\Ximena\20130123 - Set 3 - Fishnet Bodysuit\,
SMC_9432.jpg,419470,b5e3067a,\201301\Ximena\20130123 - Set 3 - Fishnet Bodysuit\,
SMC_9433.jpg,398804,c1024ac1,\201301\Ximena\20130123 - Set 3 - Fishnet Bodysuit\,
SMC_9434.jpg,511466,7d371521,\201301\Ximena\20130123 - Set 3 - Fishnet Bodysuit\,
SMC_9435.jpg,479987,2faa8bc6,\201301\Ximena\20130123 - Set 3 - Fishnet Bodysuit\,
SMC_9436.jpg,445394,d5509636,\201301\Ximena\20130123 - Set 3 - Fishnet Bodysuit\,
SMC_9437.jpg,529434,44097578,\201301\Ximena\20130123 - Set 3 - Fishnet Bodysuit\,
SMC_9438.jpg,493734,c336ae9f,\201301\Ximena\20130123 - Set 3 - Fishnet Bodysuit\,
SMC_9439.jpg,497251,d1a98204,\201301\Ximena\20130123 - Set 3 - Fishnet Bodysuit\,
SMC_9440.jpg,430934,21a3ea1e,\201301\Ximena\20130123 - Set 3 - Fishnet Bodysuit\,
SMC_9441.jpg,453099,7e0248a6,\201301\Ximena\20130123 - Set 3 - Fishnet Bodysuit\,
SMC_9442.jpg,581101,accf60c0,\201301\Ximena\20130123 - Set 3 - Fishnet Bodysuit\,
SMC_9443.jpg,520736,5f292aab,\201301\Ximena\20130123 - Set 3 - Fishnet Bodysuit\,
SMC_9444.jpg,424710,2e4f7e7a,\201301\Ximena\20130123 - Set 3 - Fishnet Bodysuit\,
SMC_9445.jpg,484610,be825829,\201301\Ximena\20130123 - Set 3 - Fishnet Bodysuit\,
SMC_9446.jpg,516189,3700f411,\201301\Ximena\20130123 - Set 3 - Fishnet Bodysuit\,
SMC_9447.jpg,587577,39aaf0e5,\201301\Ximena\20130123 - Set 3 - Fishnet Bodysuit\,
SMC_9448.jpg,574397,06ed5dda,\201301\Ximena\20130123 - Set 3 - Fishnet Bodysuit\,
SMC_9449.jpg,541031,8137ad03,\201301\Ximena\20130123 - Set 3 - Fishnet Bodysuit\,
SMC_9450.jpg,532915,f8cdbc5e,\201301\Ximena\20130123 - Set 3 - Fishnet Bodysuit\,
SMC_9451.jpg,543029,8180f731,\201301\Ximena\20130123 - Set 3 - Fishnet Bodysuit\,
SMC_9452.jpg,554753,408208d2,\201301\Ximena\20130123 - Set 3 - Fishnet Bodysuit\,
SMC_9453.jpg,566338,ababf1ca,\201301\Ximena\20130123 - Set 3 - Fishnet Bodysuit\,
SMC_9454.jpg,542609,60e5eb95,\201301\Ximena\20130123 - Set 3 - Fishnet Bodysuit\,
SMC_9455.jpg,509967,695c861d,\201301\Ximena\20130123 - Set 3 - Fishnet Bodysuit\,
SMC_9456.jpg,505328,3a18b59a,\201301\Ximena\20130123 - Set 3 - Fishnet Bodysuit\,
SMC_9457.jpg,511000,5edcac41,\201301\Ximena\20130123 - Set 3 - Fishnet Bodysuit\,
SMC_9458.jpg,294580,35599bf5,\201301\Ximena\20130123 - Set 3 - Fishnet Bodysuit\,
SMC_9459.jpg,407392,3fee71ee,\201301\Ximena\20130123 - Set 3 - Fishnet Bodysuit\,
SMC_9460.jpg,402742,b806bf72,\201301\Ximena\20130123 - Set 3 - Fishnet Bodysuit\,
SMC_9461.jpg,502533,815fe1d6,\201301\Ximena\20130123 - Set 3 - Fishnet Bodysuit\,
SMC_9462.jpg,464391,f2c273b2,\201301\Ximena\20130123 - Set 3 - Fishnet Bodysuit\,
SMC_9463.jpg,466210,a7ec6d0d,\201301\Ximena\20130123 - Set 3 - Fishnet Bodysuit\,
SMC_9464.jpg,549129,bee69b67,\201301\Ximena\20130123 - Set 3 - Fishnet Bodysuit\,
SMC_9465.jpg,479781,6fbba30f,\201301\Ximena\20130123 - Set 3 - Fishnet Bodysuit\,
SMC_9466.jpg,455978,ccc146aa,\201301\Ximena\20130123 - Set 3 - Fishnet Bodysuit\,
SMC_9467.jpg,466933,ab36132d,\201301\Ximena\20130123 - Set 3 - Fishnet Bodysuit\,
SMC_9468.jpg,400126,55875bd2,\201301\Ximena\20130123 - Set 3 - Fishnet Bodysuit\,
SMC_9469.jpg,479560,1b39dd98,\201301\Ximena\20130123 - Set 3 - Fishnet Bodysuit\,
SMC_9470.jpg,512840,4cb73b0d,\201301\Ximena\20130123 - Set 3 - Fishnet Bodysuit\,
SMC_9471.jpg,505958,bd298ab1,\201301\Ximena\20130123 - Set 3 - Fishnet Bodysuit\,
SMC_9472.jpg,530230,310c71a3,\201301\Ximena\20130123 - Set 3 - Fishnet Bodysuit\,
SMC_9473.jpg,479676,97d57fac,\201301\Ximena\20130123 - Set 3 - Fishnet Bodysuit\,
SMC_9475.jpg,481234,f040265d,\201301\Ximena\20130123 - Set 3 - Fishnet Bodysuit\,
SMC_9476.jpg,467722,fbdd942c,\201301\Ximena\20130123 - Set 3 - Fishnet Bodysuit\,
SMC_9477.jpg,582834,6b63d59b,\201301\Ximena\20130123 - Set 3 - Fishnet Bodysuit\,
SMC_9478.jpg,534761,2a212068,\201301\Ximena\20130123 - Set 3 - Fishnet Bodysuit\,
SMC_9479.jpg,509429,e4adb9c7,\201301\Ximena\20130123 - Set 3 - Fishnet Bodysuit\,
SMC_9480.jpg,496981,4e4ef51e,\201301\Ximena\20130123 - Set 3 - Fishnet Bodysuit\,
SMC_9481.jpg,533311,4cb88325,\201301\Ximena\20130123 - Set 3 - Fishnet Bodysuit\,
SMC_9482.jpg,586188,1054e9aa,\201301\Ximena\20130123 - Set 3 - Fishnet Bodysuit\,
SMC_9483.jpg,586784,39809b03,\201301\Ximena\20130123 - Set 3 - Fishnet Bodysuit\,
SMC_9484.jpg,532473,cbd27a17,\201301\Ximena\20130123 - Set 3 - Fishnet Bodysuit\,
SMC_9485.jpg,557258,faeac807,\201301\Ximena\20130123 - Set 3 - Fishnet Bodysuit\,
SMC_9486.jpg,571686,e0238b11,\201301\Ximena\20130123 - Set 3 - Fishnet Bodysuit\,
SMC_9487.jpg,502710,d998e6a2,\201301\Ximena\20130123 - Set 3 - Fishnet Bodysuit\,
SMC_9488.jpg,489874,b152d5ba,\201301\Ximena\20130123 - Set 3 - Fishnet Bodysuit\,
SMC_9489.jpg,457006,d99a0caf,\201301\Ximena\20130123 - Set 3 - Fishnet Bodysuit\,
SMC_9490.jpg,500470,b0affbc7,\201301\Ximena\20130123 - Set 3 - Fishnet Bodysuit\,
SMC_9491.jpg,502375,10d33be4,\201301\Ximena\20130123 - Set 3 - Fishnet Bodysuit\,
SMC_9492.jpg,546550,b44f7500,\201301\Ximena\20130123 - Set 3 - Fishnet Bodysuit\,
SMC_9493.jpg,560971,d1dcd686,\201301\Ximena\20130123 - Set 3 - Fishnet Bodysuit\,
SMC_9494.jpg,484826,853e6985,\201301\Ximena\20130123 - Set 3 - Fishnet Bodysuit\,
SMC_9495.jpg,564912,dacfcfdf,\201301\Ximena\20130123 - Set 3 - Fishnet Bodysuit\,
SMC_9496.jpg,534805,8d19a355,\201301\Ximena\20130123 - Set 3 - Fishnet Bodysuit\,
SMC_9497.jpg,567515,e2a9a07b,\201301\Ximena\20130123 - Set 3 - Fishnet Bodysuit\,
SMC_9498.jpg,540753,6657e4a5,\201301\Ximena\20130123 - Set 3 - Fishnet Bodysuit\,
SMC_9499.jpg,488225,b21172c9,\201301\Ximena\20130123 - Set 3 - Fishnet Bodysuit\,
SMC_9500.jpg,586796,00882ab1,\201301\Ximena\20130123 - Set 3 - Fishnet Bodysuit\,
SMC_9501.jpg,468118,cea484c2,\201301\Ximena\20130123 - Set 3 - Fishnet Bodysuit\,
SMC_9502.jpg,448873,efd0d4bd,\201301\Ximena\20130123 - Set 3 - Fishnet Bodysuit\,
SMC_9503.jpg,581437,040e6d43,\201301\Ximena\20130123 - Set 3 - Fishnet Bodysuit\,
SMC_9504.jpg,539457,af5c27c3,\201301\Ximena\20130123 - Set 3 - Fishnet Bodysuit\,
SMC_9505.jpg,487941,0e0a8b35,\201301\Ximena\20130123 - Set 3 - Fishnet Bodysuit\,
SMC_9506.jpg,415100,9c9d68b5,\201301\Ximena\20130123 - Set 3 - Fishnet Bodysuit\,
SMC_9507.jpg,424710,46da8188,\201301\Ximena\20130123 - Set 3 - Fishnet Bodysuit\,
SMC_9508.jpg,419189,4b111b21,\201301\Ximena\20130123 - Set 3 - Fishnet Bodysuit\,
SMC_9509.jpg,432743,4855c148,\201301\Ximena\20130123 - Set 3 - Fishnet Bodysuit\,
SMC_9510.jpg,486632,bec24461,\201301\Ximena\20130123 - Set 3 - Fishnet Bodysuit\,
SMC_9511.jpg,454582,875efb8a,\201301\Ximena\20130123 - Set 3 - Fishnet Bodysuit\,
SMC_9512.jpg,589251,610e2fb3,\201301\Ximena\20130123 - Set 3 - Fishnet Bodysuit\,
SMC_9513.jpg,574680,2a153aa5,\201301\Ximena\20130123 - Set 3 - Fishnet Bodysuit\,
SMC_9514.jpg,504704,39b74b84,\201301\Ximena\20130123 - Set 3 - Fishnet Bodysuit\,
SMC_9515.jpg,448764,23bba318,\201301\Ximena\20130123 - Set 3 - Fishnet Bodysuit\,
SMC_9516.jpg,537528,90e4e5bc,\201301\Ximena\20130123 - Set 3 - Fishnet Bodysuit\,
SMC_9517.jpg,538949,fbf65eef,\201301\Ximena\20130123 - Set 3 - Fishnet Bodysuit\,
SMC_9518.jpg,529623,bbd93b4f,\201301\Ximena\20130123 - Set 3 - Fishnet Bodysuit\,
SMC_9519.jpg,562942,2fda3b56,\201301\Ximena\20130123 - Set 3 - Fishnet Bodysuit\,
SMC_9520.jpg,547043,46fbcc1d,\201301\Ximena\20130123 - Set 3 - Fishnet Bodysuit\,
SMC_9521.jpg,540973,aaf6b924,\201301\Ximena\20130123 - Set 3 - Fishnet Bodysuit\,
SMC_9522.jpg,416081,d30252c1,\201301\Ximena\20130123 - Set 3 - Fishnet Bodysuit\,
SMC_9523.jpg,399341,182b221d,\201301\Ximena\20130123 - Set 3 - Fishnet Bodysuit\,
SMC_9524.jpg,404444,939e2acd,\201301\Ximena\20130123 - Set 3 - Fishnet Bodysuit\,
SMC_9525.jpg,461030,c6c83185,\201301\Ximena\20130123 - Set 3 - Fishnet Bodysuit\,
SMC_9526.jpg,447980,65a84111,\201301\Ximena\20130123 - Set 3 - Fishnet Bodysuit\,
SMC_9527.jpg,461978,89dcf6e9,\201301\Ximena\20130123 - Set 3 - Fishnet Bodysuit\,
SMC_9528.jpg,474108,b5528f10,\201301\Ximena\20130123 - Set 3 - Fishnet Bodysuit\,
SMC_9529.jpg,468290,56dc07f6,\201301\Ximena\20130123 - Set 3 - Fishnet Bodysuit\,
SMC_9530.jpg,528896,b2130958,\201301\Ximena\20130123 - Set 3 - Fishnet Bodysuit\,
SMC_9531.jpg,377225,98ef29de,\201301\Ximena\20130123 - Set 3 - Fishnet Bodysuit\,
SMC_9532.jpg,642795,6896db1a,\201301\Ximena\20130123 - Set 3 - Fishnet Bodysuit\,
SMC_9533.jpg,653189,831c7a43,\201301\Ximena\20130123 - Set 3 - Fishnet Bodysuit\,
SMC_9534.jpg,449932,75f9a7cf,\201301\Ximena\20130123 - Set 3 - Fishnet Bodysuit\,
SMC_9535.jpg,428396,9268543a,\201301\Ximena\20130123 - Set 3 - Fishnet Bodysuit\,
SMC_9536.jpg,375109,786d9835,\201301\Ximena\20130123 - Set 3 - Fishnet Bodysuit\,
SMC_9537.jpg,395880,1d0418ac,\201301\Ximena\20130123 - Set 3 - Fishnet Bodysuit\,
SMC_9538.jpg,343951,e170dc66,\201301\Ximena\20130123 - Set 3 - Fishnet Bodysuit\,
SMC_9539.jpg,331364,51e951a5,\201301\Ximena\20130123 - Set 3 - Fishnet Bodysuit\,
SMC_9540.jpg,364912,004dc55f,\201301\Ximena\20130123 - Set 3 - Fishnet Bodysuit\,
SMC_9541.jpg,378942,da9d1acf,\201301\Ximena\20130123 - Set 3 - Fishnet Bodysuit\,
SMC_9542.jpg,363347,fa3a861c,\201301\Ximena\20130123 - Set 3 - Fishnet Bodysuit\,
SMC_9543.jpg,359853,0e7504ae,\201301\Ximena\20130123 - Set 3 - Fishnet Bodysuit\,
SMC_9544.jpg,431307,851dd9fa,\201301\Ximena\20130123 - Set 3 - Fishnet Bodysuit\,
SMC_9545.jpg,423611,97cff209,\201301\Ximena\20130123 - Set 3 - Fishnet Bodysuit\,
SMC_9546.jpg,403100,fc1a1843,\201301\Ximena\20130123 - Set 3 - Fishnet Bodysuit\,
SMC_9547.jpg,379764,72818cf7,\201301\Ximena\20130123 - Set 3 - Fishnet Bodysuit\,
SMC_9548.jpg,534177,77f338cf,\201301\Ximena\20130123 - Set 3 - Fishnet Bodysuit\,
SMC_9549.jpg,498519,6bf9da31,\201301\Ximena\20130123 - Set 3 - Fishnet Bodysuit\,
SMC_9550.jpg,525740,16edb4a2,\201301\Ximena\20130123 - Set 3 - Fishnet Bodysuit\,
SMC_9551.jpg,585809,457c8120,\201301\Ximena\20130123 - Set 3 - Fishnet Bodysuit\,
SMC_9552.jpg,342480,02593e5b,\201301\Ximena\20130123 - Set 3 - Fishnet Bodysuit\,
SMC_9553.jpg,338458,2d0cf23e,\201301\Ximena\20130123 - Set 3 - Fishnet Bodysuit\,
SMC_9554.jpg,339018,8831a4ec,\201301\Ximena\20130123 - Set 3 - Fishnet Bodysuit\,
SMC_9555.jpg,359582,693c54dc,\201301\Ximena\20130123 - Set 3 - Fishnet Bodysuit\,
SMC_9556.jpg,349261,082b5c16,\201301\Ximena\20130123 - Set 3 - Fishnet Bodysuit\,
SMC_9557.jpg,359378,7b365053,\201301\Ximena\20130123 - Set 3 - Fishnet Bodysuit\,
SMC_9558.jpg,312101,3148d9ba,\201301\Ximena\20130123 - Set 3 - Fishnet Bodysuit\,
SMC_9559.jpg,315995,96808e15,\201301\Ximena\20130123 - Set 3 - Fishnet Bodysuit\,
SMC_9560.jpg,333933,5d73793a,\201301\Ximena\20130123 - Set 3 - Fishnet Bodysuit\,
SMC_9561.jpg,337594,5254a612,\201301\Ximena\20130123 - Set 3 - Fishnet Bodysuit\,
SMC_9562.jpg,476757,7a387de8,\201301\Ximena\20130123 - Set 3 - Fishnet Bodysuit\,
SMC_9563.jpg,505413,6bbff696,\201301\Ximena\20130123 - Set 3 - Fishnet Bodysuit\,
SMC_9564.jpg,490965,7f714592,\201301\Ximena\20130123 - Set 3 - Fishnet Bodysuit\,
SMC_9565.jpg,525423,2cf36adb,\201301\Ximena\20130123 - Set 3 - Fishnet Bodysuit\,
SMC_9566.jpg,453365,03fa2c4b,\201301\Ximena\20130123 - Set 3 - Fishnet Bodysuit\,
SMC_9567.jpg,484048,f939cb0d,\201301\Ximena\20130123 - Set 3 - Fishnet Bodysuit\,
SMC_9568.jpg,505657,687e9b7c,\201301\Ximena\20130123 - Set 3 - Fishnet Bodysuit\,
SMC_9569.jpg,398320,2ac85893,\201301\Ximena\20130123 - Set 3 - Fishnet Bodysuit\,
SMC_9570.jpg,364328,ddce4d73,\201301\Ximena\20130123 - Set 3 - Fishnet Bodysuit\,
