000000.jpg,5840569,B24F0846,\2020-02-26 - Late Night Rendezvous with Johnny Starlight\
000001.jpg,2708103,7AEDC6E3,\2020-02-26 - Late Night Rendezvous with Johnny Starlight\
000002.jpg,5421076,B5030071,\2020-02-26 - Late Night Rendezvous with Johnny Starlight\
000003.jpg,2048627,B4A0743A,\2020-02-26 - Late Night Rendezvous with Johnny Starlight\
000004.jpg,2873151,454B942F,\2020-02-26 - Late Night Rendezvous with Johnny Starlight\
000005.jpg,5718374,33E706CB,\2020-02-26 - Late Night Rendezvous with Johnny Starlight\
000006.jpg,5677740,34962EAD,\2020-02-26 - Late Night Rendezvous with Johnny Starlight\
000007.jpg,2597402,D166F186,\2020-02-26 - Late Night Rendezvous with Johnny Starlight\
000008.jpg,5426913,C4B7650E,\2020-02-26 - Late Night Rendezvous with Johnny Starlight\
000009.jpg,5385045,CB18647,\2020-02-26 - Late Night Rendezvous with Johnny Starlight\
000010.jpg,5329817,270F87BA,\2020-02-26 - Late Night Rendezvous with Johnny Starlight\
000011.jpg,5604358,1F97CEFB,\2020-02-26 - Late Night Rendezvous with Johnny Starlight\
000012.jpg,5706181,B5AB7EA5,\2020-02-26 - Late Night Rendezvous with Johnny Starlight\
000013.jpg,5684660,62B7A4DA,\2020-02-26 - Late Night Rendezvous with Johnny Starlight\
000014.jpg,5816547,BCDC347F,\2020-02-26 - Late Night Rendezvous with Johnny Starlight\
000015.jpg,5437729,A0059C90,\2020-02-26 - Late Night Rendezvous with Johnny Starlight\
000016.jpg,5616557,B6E1DE3,\2020-02-26 - Late Night Rendezvous with Johnny Starlight\
000017.jpg,5721038,4D3CC830,\2020-02-26 - Late Night Rendezvous with Johnny Starlight\
000018.jpg,6188785,E3AD0360,\2020-02-26 - Late Night Rendezvous with Johnny Starlight\
000019.jpg,6281814,C77F43F7,\2020-02-26 - Late Night Rendezvous with Johnny Starlight\
000020.jpg,5995162,BC5EAB49,\2020-02-26 - Late Night Rendezvous with Johnny Starlight\
000021.jpg,5762851,EA65F620,\2020-02-26 - Late Night Rendezvous with Johnny Starlight\
000022.jpg,5236779,AE86BA90,\2020-02-26 - Late Night Rendezvous with Johnny Starlight\
000023.jpg,5410316,F3B269A7,\2020-02-26 - Late Night Rendezvous with Johnny Starlight\
000024.jpg,5838267,6C92FD9E,\2020-02-26 - Late Night Rendezvous with Johnny Starlight\
000025.jpg,5150714,D398DB23,\2020-02-26 - Late Night Rendezvous with Johnny Starlight\
000026.jpg,5254251,EBE14F96,\2020-02-26 - Late Night Rendezvous with Johnny Starlight\
000027.jpg,5294232,83C7CBD,\2020-02-26 - Late Night Rendezvous with Johnny Starlight\
000028.jpg,6120798,4EC47FC6,\2020-02-26 - Late Night Rendezvous with Johnny Starlight\
000029.jpg,5342208,31738E33,\2020-02-26 - Late Night Rendezvous with Johnny Starlight\
000030.jpg,5634195,929C17D3,\2020-02-26 - Late Night Rendezvous with Johnny Starlight\
000031.jpg,5472471,F92BD157,\2020-02-26 - Late Night Rendezvous with Johnny Starlight\
000032.jpg,5988795,9059B20E,\2020-02-26 - Late Night Rendezvous with Johnny Starlight\
000033.jpg,5911425,BEA3BD2F,\2020-02-26 - Late Night Rendezvous with Johnny Starlight\
000034.jpg,5735624,6C7D3667,\2020-02-26 - Late Night Rendezvous with Johnny Starlight\
000035.jpg,5645279,C7F72A17,\2020-02-26 - Late Night Rendezvous with Johnny Starlight\
000036.jpg,5658164,57B6C8B0,\2020-02-26 - Late Night Rendezvous with Johnny Starlight\
000037.jpg,5511508,289CFCC9,\2020-02-26 - Late Night Rendezvous with Johnny Starlight\
000038.jpg,5578581,4D0B3F44,\2020-02-26 - Late Night Rendezvous with Johnny Starlight\
000039.jpg,5595644,F07120E5,\2020-02-26 - Late Night Rendezvous with Johnny Starlight\
000040.jpg,5744673,53513804,\2020-02-26 - Late Night Rendezvous with Johnny Starlight\
000041.jpg,5732662,A839EAC,\2020-02-26 - Late Night Rendezvous with Johnny Starlight\
000042.jpg,6034588,81CFB2CC,\2020-02-26 - Late Night Rendezvous with Johnny Starlight\
000043.jpg,5395763,2C85E142,\2020-02-26 - Late Night Rendezvous with Johnny Starlight\
000044.jpg,5491074,EEF29496,\2020-02-26 - Late Night Rendezvous with Johnny Starlight\
000045.jpg,5685409,83892F5D,\2020-02-26 - Late Night Rendezvous with Johnny Starlight\
000046.jpg,5522799,101A6F55,\2020-02-26 - Late Night Rendezvous with Johnny Starlight\
000047.jpg,5788134,6C45C585,\2020-02-26 - Late Night Rendezvous with Johnny Starlight\
000048.jpg,5458384,64E26EE,\2020-02-26 - Late Night Rendezvous with Johnny Starlight\
000049.jpg,5621233,839019CB,\2020-02-26 - Late Night Rendezvous with Johnny Starlight\
000050.jpg,5813531,37C5485,\2020-02-26 - Late Night Rendezvous with Johnny Starlight\
000051.jpg,5736906,62F95670,\2020-02-26 - Late Night Rendezvous with Johnny Starlight\
000052.jpg,5944080,CBFA6E94,\2020-02-26 - Late Night Rendezvous with Johnny Starlight\
000053.jpg,5989435,62DE50A5,\2020-02-26 - Late Night Rendezvous with Johnny Starlight\
000054.jpg,6178632,5C67C527,\2020-02-26 - Late Night Rendezvous with Johnny Starlight\
000055.jpg,5864364,4C2F15D1,\2020-02-26 - Late Night Rendezvous with Johnny Starlight\
000056.jpg,5973627,34789BC1,\2020-02-26 - Late Night Rendezvous with Johnny Starlight\
000057.jpg,6004488,378D3E6C,\2020-02-26 - Late Night Rendezvous with Johnny Starlight\
000058.jpg,5537714,449B17E0,\2020-02-26 - Late Night Rendezvous with Johnny Starlight\
000059.jpg,5799927,A9E8B65E,\2020-02-26 - Late Night Rendezvous with Johnny Starlight\
000060.jpg,5400103,368792FB,\2020-02-26 - Late Night Rendezvous with Johnny Starlight\
000061.jpg,5644194,FDAADE56,\2020-02-26 - Late Night Rendezvous with Johnny Starlight\
000062.jpg,5946068,37D13C23,\2020-02-26 - Late Night Rendezvous with Johnny Starlight\
000063.jpg,5889099,E435DC35,\2020-02-26 - Late Night Rendezvous with Johnny Starlight\
000064.jpg,5641955,E9284B16,\2020-02-26 - Late Night Rendezvous with Johnny Starlight\
000065.jpg,5632177,DEC959FE,\2020-02-26 - Late Night Rendezvous with Johnny Starlight\
000066.jpg,5685515,92A79AEB,\2020-02-26 - Late Night Rendezvous with Johnny Starlight\
000067.jpg,5545353,CDC0E174,\2020-02-26 - Late Night Rendezvous with Johnny Starlight\
000068.jpg,5380833,9E01169,\2020-02-26 - Late Night Rendezvous with Johnny Starlight\
000069.jpg,4973177,EF0A36CF,\2020-02-26 - Late Night Rendezvous with Johnny Starlight\
000070.jpg,5050987,42FBCC2,\2020-02-26 - Late Night Rendezvous with Johnny Starlight\
000071.jpg,5483224,4C8154CC,\2020-02-26 - Late Night Rendezvous with Johnny Starlight\
000000.jpg,5097986,535337A4,\2020-03-07 - Late Night Rendezvous with Kai Bailey\
000001.jpg,5131679,E2F244CB,\2020-03-07 - Late Night Rendezvous with Kai Bailey\
000002.jpg,5182200,7D66FD68,\2020-03-07 - Late Night Rendezvous with Kai Bailey\
000003.jpg,4934580,E94C5156,\2020-03-07 - Late Night Rendezvous with Kai Bailey\
000004.jpg,4591854,8AB1B00E,\2020-03-07 - Late Night Rendezvous with Kai Bailey\
000005.jpg,4776525,1AAC5C67,\2020-03-07 - Late Night Rendezvous with Kai Bailey\
000006.jpg,4778838,75A71C04,\2020-03-07 - Late Night Rendezvous with Kai Bailey\
000007.jpg,4793158,827D8DAF,\2020-03-07 - Late Night Rendezvous with Kai Bailey\
000008.jpg,4615940,9AD7A3C0,\2020-03-07 - Late Night Rendezvous with Kai Bailey\
000009.jpg,4623263,B0AA097D,\2020-03-07 - Late Night Rendezvous with Kai Bailey\
000010.jpg,4413597,BE905F20,\2020-03-07 - Late Night Rendezvous with Kai Bailey\
000011.jpg,4478717,681DD80E,\2020-03-07 - Late Night Rendezvous with Kai Bailey\
000012.jpg,3966847,39079DB4,\2020-03-07 - Late Night Rendezvous with Kai Bailey\
000013.jpg,4044780,45240363,\2020-03-07 - Late Night Rendezvous with Kai Bailey\
000014.jpg,3809305,33D02A1D,\2020-03-07 - Late Night Rendezvous with Kai Bailey\
000015.jpg,4272344,E88A0110,\2020-03-07 - Late Night Rendezvous with Kai Bailey\
000016.jpg,4376338,1E7FC16C,\2020-03-07 - Late Night Rendezvous with Kai Bailey\
000017.jpg,4731888,663DD2FC,\2020-03-07 - Late Night Rendezvous with Kai Bailey\
000018.jpg,4606550,B41F2B22,\2020-03-07 - Late Night Rendezvous with Kai Bailey\
000019.jpg,4844285,9124CEBC,\2020-03-07 - Late Night Rendezvous with Kai Bailey\
000020.jpg,3963285,48AA40A8,\2020-03-07 - Late Night Rendezvous with Kai Bailey\
000021.jpg,4330966,A2032DE5,\2020-03-07 - Late Night Rendezvous with Kai Bailey\
000022.jpg,4342284,83EE39B6,\2020-03-07 - Late Night Rendezvous with Kai Bailey\
000023.jpg,4654710,779FBB2D,\2020-03-07 - Late Night Rendezvous with Kai Bailey\
000024.jpg,4316766,582A6734,\2020-03-07 - Late Night Rendezvous with Kai Bailey\
000025.jpg,4445703,82092F98,\2020-03-07 - Late Night Rendezvous with Kai Bailey\
000026.jpg,5123409,4A103F15,\2020-03-07 - Late Night Rendezvous with Kai Bailey\
000027.jpg,4416464,C1D54108,\2020-03-07 - Late Night Rendezvous with Kai Bailey\
000028.jpg,4203108,30E81DDF,\2020-03-07 - Late Night Rendezvous with Kai Bailey\
000029.jpg,4348239,7024D9A7,\2020-03-07 - Late Night Rendezvous with Kai Bailey\
000030.jpg,4076851,3E887923,\2020-03-07 - Late Night Rendezvous with Kai Bailey\
000031.jpg,4124618,2B314C19,\2020-03-07 - Late Night Rendezvous with Kai Bailey\
000032.jpg,4393679,230CA813,\2020-03-07 - Late Night Rendezvous with Kai Bailey\
000033.jpg,4501976,EDFDF891,\2020-03-07 - Late Night Rendezvous with Kai Bailey\
000034.jpg,4324213,4F5FF20D,\2020-03-07 - Late Night Rendezvous with Kai Bailey\
000035.jpg,4450822,8CBF23CD,\2020-03-07 - Late Night Rendezvous with Kai Bailey\
000036.jpg,4410197,5B5892D0,\2020-03-07 - Late Night Rendezvous with Kai Bailey\
000037.jpg,4725963,E88BF223,\2020-03-07 - Late Night Rendezvous with Kai Bailey\
000038.jpg,4992667,CD28473,\2020-03-07 - Late Night Rendezvous with Kai Bailey\
000039.jpg,4332555,658C9D67,\2020-03-07 - Late Night Rendezvous with Kai Bailey\
000040.jpg,4130471,67BB6660,\2020-03-07 - Late Night Rendezvous with Kai Bailey\
000041.jpg,3946247,CD929DF6,\2020-03-07 - Late Night Rendezvous with Kai Bailey\
000000.jpg,4050654,F84D49ED,\2020-03-12 - Late night Rendezvous with Maxx Jenkins\
000001.jpg,3891350,6AE10EF3,\2020-03-12 - Late night Rendezvous with Maxx Jenkins\
000002.jpg,4128855,9A6F0115,\2020-03-12 - Late night Rendezvous with Maxx Jenkins\
000003.jpg,3958201,FF841621,\2020-03-12 - Late night Rendezvous with Maxx Jenkins\
000004.jpg,3934556,3DFBAFBB,\2020-03-12 - Late night Rendezvous with Maxx Jenkins\
000005.jpg,3947416,7A079FA6,\2020-03-12 - Late night Rendezvous with Maxx Jenkins\
000006.jpg,4018440,3215430A,\2020-03-12 - Late night Rendezvous with Maxx Jenkins\
000007.jpg,4109717,10866E4D,\2020-03-12 - Late night Rendezvous with Maxx Jenkins\
000008.jpg,4157599,2A101343,\2020-03-12 - Late night Rendezvous with Maxx Jenkins\
000009.jpg,4232873,B494F753,\2020-03-12 - Late night Rendezvous with Maxx Jenkins\
000010.jpg,3633792,8BF60DA,\2020-03-12 - Late night Rendezvous with Maxx Jenkins\
000011.jpg,3840941,B223A72A,\2020-03-12 - Late night Rendezvous with Maxx Jenkins\
000012.jpg,4160878,E14E3ADC,\2020-03-12 - Late night Rendezvous with Maxx Jenkins\
000013.jpg,4182120,BB1E8211,\2020-03-12 - Late night Rendezvous with Maxx Jenkins\
000014.jpg,4150016,E3370725,\2020-03-12 - Late night Rendezvous with Maxx Jenkins\
000015.jpg,4220222,4D497A52,\2020-03-12 - Late night Rendezvous with Maxx Jenkins\
000016.jpg,4158828,D30E2238,\2020-03-12 - Late night Rendezvous with Maxx Jenkins\
000017.jpg,3907676,784A4BA1,\2020-03-12 - Late night Rendezvous with Maxx Jenkins\
000018.jpg,3948278,C72E9D5E,\2020-03-12 - Late night Rendezvous with Maxx Jenkins\
000019.jpg,4094521,30223671,\2020-03-12 - Late night Rendezvous with Maxx Jenkins\
000020.jpg,3878462,FF4D65E2,\2020-03-12 - Late night Rendezvous with Maxx Jenkins\
000021.jpg,4299380,A4EE9926,\2020-03-12 - Late night Rendezvous with Maxx Jenkins\
000022.jpg,4100082,CB1716C7,\2020-03-12 - Late night Rendezvous with Maxx Jenkins\
000023.jpg,3942247,45F96DB7,\2020-03-12 - Late night Rendezvous with Maxx Jenkins\
000024.jpg,3894941,EE603945,\2020-03-12 - Late night Rendezvous with Maxx Jenkins\
000025.jpg,3724724,74361421,\2020-03-12 - Late night Rendezvous with Maxx Jenkins\
000026.jpg,3658023,41A7F135,\2020-03-12 - Late night Rendezvous with Maxx Jenkins\
000027.jpg,3702026,3F6F785D,\2020-03-12 - Late night Rendezvous with Maxx Jenkins\
000028.jpg,4293720,65EDF55F,\2020-03-12 - Late night Rendezvous with Maxx Jenkins\
000029.jpg,4247605,C720C927,\2020-03-12 - Late night Rendezvous with Maxx Jenkins\
000030.jpg,4198431,EC2BC1B8,\2020-03-12 - Late night Rendezvous with Maxx Jenkins\
000031.jpg,4157529,1480275B,\2020-03-12 - Late night Rendezvous with Maxx Jenkins\
000032.jpg,4116083,DC0478F8,\2020-03-12 - Late night Rendezvous with Maxx Jenkins\
000033.jpg,4177109,D8F5FAC2,\2020-03-12 - Late night Rendezvous with Maxx Jenkins\
000034.jpg,3987472,1DEF833C,\2020-03-12 - Late night Rendezvous with Maxx Jenkins\
000035.jpg,4390336,1ACCB11A,\2020-03-12 - Late night Rendezvous with Maxx Jenkins\
000036.jpg,4325478,7EE02FD4,\2020-03-12 - Late night Rendezvous with Maxx Jenkins\
000037.jpg,4096846,2609C6CA,\2020-03-12 - Late night Rendezvous with Maxx Jenkins\
000038.jpg,4042651,5BB818C7,\2020-03-12 - Late night Rendezvous with Maxx Jenkins\
000039.jpg,4250218,DF886A5A,\2020-03-12 - Late night Rendezvous with Maxx Jenkins\
000040.jpg,4085037,A356462E,\2020-03-12 - Late night Rendezvous with Maxx Jenkins\
000041.jpg,3606502,FBEAE7B6,\2020-03-12 - Late night Rendezvous with Maxx Jenkins\
000042.jpg,3663536,D4695230,\2020-03-12 - Late night Rendezvous with Maxx Jenkins\
000043.jpg,3556286,DE69D59,\2020-03-12 - Late night Rendezvous with Maxx Jenkins\
000044.jpg,3310513,B9034A6D,\2020-03-12 - Late night Rendezvous with Maxx Jenkins\
000045.jpg,3414263,FE33E902,\2020-03-12 - Late night Rendezvous with Maxx Jenkins\
000046.jpg,3378545,20FA755B,\2020-03-12 - Late night Rendezvous with Maxx Jenkins\
000047.jpg,3362605,DE48BFB5,\2020-03-12 - Late night Rendezvous with Maxx Jenkins\
000048.jpg,3221661,E0CEA5D,\2020-03-12 - Late night Rendezvous with Maxx Jenkins\
000049.jpg,3356490,FDD1D537,\2020-03-12 - Late night Rendezvous with Maxx Jenkins\
000050.jpg,3359928,14FF7F25,\2020-03-12 - Late night Rendezvous with Maxx Jenkins\
000051.jpg,3411661,FA20C014,\2020-03-12 - Late night Rendezvous with Maxx Jenkins\
000052.jpg,3372248,FC61F290,\2020-03-12 - Late night Rendezvous with Maxx Jenkins\
000053.jpg,3259710,BEFC5512,\2020-03-12 - Late night Rendezvous with Maxx Jenkins\
000054.jpg,3259456,9CBE00E9,\2020-03-12 - Late night Rendezvous with Maxx Jenkins\
000055.jpg,3381963,70B2934F,\2020-03-12 - Late night Rendezvous with Maxx Jenkins\
000056.jpg,3329028,3A068BA2,\2020-03-12 - Late night Rendezvous with Maxx Jenkins\
000057.jpg,3546979,A8889778,\2020-03-12 - Late night Rendezvous with Maxx Jenkins\
000058.jpg,3801890,61578B5B,\2020-03-12 - Late night Rendezvous with Maxx Jenkins\
000059.jpg,3343121,252C450D,\2020-03-12 - Late night Rendezvous with Maxx Jenkins\
000060.jpg,3312701,2A78D637,\2020-03-12 - Late night Rendezvous with Maxx Jenkins\
000061.jpg,3565254,680B491,\2020-03-12 - Late night Rendezvous with Maxx Jenkins\
000062.jpg,3518119,2B449D91,\2020-03-12 - Late night Rendezvous with Maxx Jenkins\
000063.jpg,3492201,2418DBDC,\2020-03-12 - Late night Rendezvous with Maxx Jenkins\
000064.jpg,3371982,B8917835,\2020-03-12 - Late night Rendezvous with Maxx Jenkins\
000065.jpg,3325471,8B96E660,\2020-03-12 - Late night Rendezvous with Maxx Jenkins\
000066.jpg,3385065,18AB94B4,\2020-03-12 - Late night Rendezvous with Maxx Jenkins\
000067.jpg,3510555,E3207013,\2020-03-12 - Late night Rendezvous with Maxx Jenkins\
000068.jpg,3450232,47C440F,\2020-03-12 - Late night Rendezvous with Maxx Jenkins\
000069.jpg,3263800,6FAEB3BF,\2020-03-12 - Late night Rendezvous with Maxx Jenkins\
000070.jpg,3118067,E259ADC8,\2020-03-12 - Late night Rendezvous with Maxx Jenkins\
000071.jpg,3397775,B1003E08,\2020-03-12 - Late night Rendezvous with Maxx Jenkins\
000072.jpg,3551419,1C3BA359,\2020-03-12 - Late night Rendezvous with Maxx Jenkins\
000073.jpg,3524733,8A77ACC7,\2020-03-12 - Late night Rendezvous with Maxx Jenkins\
000074.jpg,3678275,85DE733B,\2020-03-12 - Late night Rendezvous with Maxx Jenkins\
000075.jpg,3505488,58F480DA,\2020-03-12 - Late night Rendezvous with Maxx Jenkins\
000076.jpg,3479611,3FE08C6,\2020-03-12 - Late night Rendezvous with Maxx Jenkins\
000077.jpg,3654683,1FDD5AB0,\2020-03-12 - Late night Rendezvous with Maxx Jenkins\
000078.jpg,3341038,FF098C1C,\2020-03-12 - Late night Rendezvous with Maxx Jenkins\
000079.jpg,3400097,137B32AF,\2020-03-12 - Late night Rendezvous with Maxx Jenkins\
000080.jpg,3313517,EC446390,\2020-03-12 - Late night Rendezvous with Maxx Jenkins\
000081.jpg,3647257,A2D1667B,\2020-03-12 - Late night Rendezvous with Maxx Jenkins\
000082.jpg,3514485,35409F89,\2020-03-12 - Late night Rendezvous with Maxx Jenkins\
000083.jpg,3491405,D4B28981,\2020-03-12 - Late night Rendezvous with Maxx Jenkins\
000084.jpg,3417432,5C9E370F,\2020-03-12 - Late night Rendezvous with Maxx Jenkins\
000085.jpg,3394658,D2B7F24B,\2020-03-12 - Late night Rendezvous with Maxx Jenkins\
000086.jpg,3557022,A89F007E,\2020-03-12 - Late night Rendezvous with Maxx Jenkins\
000087.jpg,3562191,1330FD6F,\2020-03-12 - Late night Rendezvous with Maxx Jenkins\
000088.jpg,3740779,83C50A25,\2020-03-12 - Late night Rendezvous with Maxx Jenkins\
000089.jpg,3445670,1252AD05,\2020-03-12 - Late night Rendezvous with Maxx Jenkins\
000090.jpg,3775189,78977B2A,\2020-03-12 - Late night Rendezvous with Maxx Jenkins\
000091.jpg,3366282,F1FEA5E3,\2020-03-12 - Late night Rendezvous with Maxx Jenkins\
000092.jpg,3503199,335D4A6F,\2020-03-12 - Late night Rendezvous with Maxx Jenkins\
000093.jpg,3280891,D9EBB183,\2020-03-12 - Late night Rendezvous with Maxx Jenkins\
000094.jpg,3544253,47E11217,\2020-03-12 - Late night Rendezvous with Maxx Jenkins\
000095.jpg,3446050,44BCCC63,\2020-03-12 - Late night Rendezvous with Maxx Jenkins\
000096.jpg,3367504,6F0225FB,\2020-03-12 - Late night Rendezvous with Maxx Jenkins\
000097.jpg,3323676,BE982D4C,\2020-03-12 - Late night Rendezvous with Maxx Jenkins\
000098.jpg,3252037,9723CCAE,\2020-03-12 - Late night Rendezvous with Maxx Jenkins\
000099.jpg,3478392,3E3C1409,\2020-03-12 - Late night Rendezvous with Maxx Jenkins\
000100.jpg,3606598,19CB54C7,\2020-03-12 - Late night Rendezvous with Maxx Jenkins\
000101.jpg,3373711,820A30A7,\2020-03-12 - Late night Rendezvous with Maxx Jenkins\
000102.jpg,3144683,ABEBFC8E,\2020-03-12 - Late night Rendezvous with Maxx Jenkins\
000103.jpg,3316491,B2D3D916,\2020-03-12 - Late night Rendezvous with Maxx Jenkins\
000104.jpg,3380530,EAEAD2EF,\2020-03-12 - Late night Rendezvous with Maxx Jenkins\
000105.jpg,3205131,95EC336,\2020-03-12 - Late night Rendezvous with Maxx Jenkins\
000106.jpg,3244407,5BB42BDF,\2020-03-12 - Late night Rendezvous with Maxx Jenkins\
000107.jpg,3294826,B4E986E6,\2020-03-12 - Late night Rendezvous with Maxx Jenkins\
000108.jpg,3231103,F8D2B881,\2020-03-12 - Late night Rendezvous with Maxx Jenkins\
000109.jpg,3404608,4035219F,\2020-03-12 - Late night Rendezvous with Maxx Jenkins\
000110.jpg,3387498,89168D43,\2020-03-12 - Late night Rendezvous with Maxx Jenkins\
000111.jpg,3472363,6650AB25,\2020-03-12 - Late night Rendezvous with Maxx Jenkins\
000112.jpg,3403901,5DEEF20D,\2020-03-12 - Late night Rendezvous with Maxx Jenkins\
000113.jpg,3463243,AEC33003,\2020-03-12 - Late night Rendezvous with Maxx Jenkins\
000114.jpg,3392344,87717BE5,\2020-03-12 - Late night Rendezvous with Maxx Jenkins\
000115.jpg,3544918,411A2A32,\2020-03-12 - Late night Rendezvous with Maxx Jenkins\
000116.jpg,3186575,37EE24A8,\2020-03-12 - Late night Rendezvous with Maxx Jenkins\
000117.jpg,3128218,4311F3B1,\2020-03-12 - Late night Rendezvous with Maxx Jenkins\
000118.jpg,3663529,F19D70C3,\2020-03-12 - Late night Rendezvous with Maxx Jenkins\
000119.jpg,3770396,9C278788,\2020-03-12 - Late night Rendezvous with Maxx Jenkins\
000120.jpg,3915581,A66A400,\2020-03-12 - Late night Rendezvous with Maxx Jenkins\
000121.jpg,3318872,8E189861,\2020-03-12 - Late night Rendezvous with Maxx Jenkins\
000122.jpg,3158973,DE048FE1,\2020-03-12 - Late night Rendezvous with Maxx Jenkins\
000123.jpg,3715292,288A5BC2,\2020-03-12 - Late night Rendezvous with Maxx Jenkins\
000124.jpg,3648528,B43AE768,\2020-03-12 - Late night Rendezvous with Maxx Jenkins\
000125.jpg,3441201,346A775C,\2020-03-12 - Late night Rendezvous with Maxx Jenkins\
000126.jpg,3329832,99D6D042,\2020-03-12 - Late night Rendezvous with Maxx Jenkins\
000127.jpg,3457359,68A0210D,\2020-03-12 - Late night Rendezvous with Maxx Jenkins\
000128.jpg,3296367,877655F9,\2020-03-12 - Late night Rendezvous with Maxx Jenkins\
000129.jpg,3710778,4095F162,\2020-03-12 - Late night Rendezvous with Maxx Jenkins\
000130.jpg,3536751,27F8BE5E,\2020-03-12 - Late night Rendezvous with Maxx Jenkins\
000131.jpg,3942263,2766A7F4,\2020-03-12 - Late night Rendezvous with Maxx Jenkins\
000132.jpg,1329110,8A97B80D,\2020-03-12 - Late night Rendezvous with Maxx Jenkins\
000133.jpg,3816462,CA2174F7,\2020-03-12 - Late night Rendezvous with Maxx Jenkins\
000134.jpg,3833778,B0190CA4,\2020-03-12 - Late night Rendezvous with Maxx Jenkins\
000135.jpg,4057414,5A2AF9FA,\2020-03-12 - Late night Rendezvous with Maxx Jenkins\
000136.jpg,3846313,D54E3EF0,\2020-03-12 - Late night Rendezvous with Maxx Jenkins\
000137.jpg,3840449,FDCEDC1B,\2020-03-12 - Late night Rendezvous with Maxx Jenkins\
000000.jpg,5905263,7E25DF2B,\2020-03-28 - Late Night Rendezvous with Brandon Harrington\
000001.jpg,5894268,D9A6725B,\2020-03-28 - Late Night Rendezvous with Brandon Harrington\
000002.jpg,5941317,9FBD28A0,\2020-03-28 - Late Night Rendezvous with Brandon Harrington\
000003.jpg,5990884,814EE017,\2020-03-28 - Late Night Rendezvous with Brandon Harrington\
000004.jpg,5896986,93A3C4DD,\2020-03-28 - Late Night Rendezvous with Brandon Harrington\
000005.jpg,5706608,FBB6B034,\2020-03-28 - Late Night Rendezvous with Brandon Harrington\
000006.jpg,5778519,A14455A2,\2020-03-28 - Late Night Rendezvous with Brandon Harrington\
000007.jpg,6070389,5E7B76B2,\2020-03-28 - Late Night Rendezvous with Brandon Harrington\
000008.jpg,5671080,A840A6FD,\2020-03-28 - Late Night Rendezvous with Brandon Harrington\
000009.jpg,5536166,1503BBED,\2020-03-28 - Late Night Rendezvous with Brandon Harrington\
000010.jpg,4966324,DF828FBE,\2020-03-28 - Late Night Rendezvous with Brandon Harrington\
000011.jpg,5765690,BB7CD8BC,\2020-03-28 - Late Night Rendezvous with Brandon Harrington\
000012.jpg,5680722,11A2E6D6,\2020-03-28 - Late Night Rendezvous with Brandon Harrington\
000013.jpg,6298701,AFEC3B9B,\2020-03-28 - Late Night Rendezvous with Brandon Harrington\
000014.jpg,6208421,B3C0A514,\2020-03-28 - Late Night Rendezvous with Brandon Harrington\
000015.jpg,6181557,6D4B02DF,\2020-03-28 - Late Night Rendezvous with Brandon Harrington\
000016.jpg,6451136,4F26AA59,\2020-03-28 - Late Night Rendezvous with Brandon Harrington\
000017.jpg,6268274,A769F081,\2020-03-28 - Late Night Rendezvous with Brandon Harrington\
000018.jpg,6889256,F6407ACE,\2020-03-28 - Late Night Rendezvous with Brandon Harrington\
000019.jpg,6907734,562A1D89,\2020-03-28 - Late Night Rendezvous with Brandon Harrington\
000020.jpg,6456164,E92E88FA,\2020-03-28 - Late Night Rendezvous with Brandon Harrington\
000021.jpg,5619883,266118DC,\2020-03-28 - Late Night Rendezvous with Brandon Harrington\
000022.jpg,6475364,2EA4CD70,\2020-03-28 - Late Night Rendezvous with Brandon Harrington\
000023.jpg,4741955,6E8F29A8,\2020-03-28 - Late Night Rendezvous with Brandon Harrington\
000024.jpg,7672057,46E4BD39,\2020-03-28 - Late Night Rendezvous with Brandon Harrington\
000025.jpg,4885220,8CF68DD4,\2020-03-28 - Late Night Rendezvous with Brandon Harrington\
000026.jpg,8703134,AC7DEBAA,\2020-03-28 - Late Night Rendezvous with Brandon Harrington\
000027.jpg,7911304,9B383EEB,\2020-03-28 - Late Night Rendezvous with Brandon Harrington\
000028.jpg,8252057,78811859,\2020-03-28 - Late Night Rendezvous with Brandon Harrington\
000029.jpg,8368172,32F39CB4,\2020-03-28 - Late Night Rendezvous with Brandon Harrington\
000030.jpg,8041660,4657A244,\2020-03-28 - Late Night Rendezvous with Brandon Harrington\
000031.jpg,7700679,A2912919,\2020-03-28 - Late Night Rendezvous with Brandon Harrington\
000032.jpg,7909078,66B749B5,\2020-03-28 - Late Night Rendezvous with Brandon Harrington\
000033.jpg,8253232,7E1ACBD9,\2020-03-28 - Late Night Rendezvous with Brandon Harrington\
000034.jpg,8189815,500B4008,\2020-03-28 - Late Night Rendezvous with Brandon Harrington\
000035.jpg,4077939,FA6C4265,\2020-03-28 - Late Night Rendezvous with Brandon Harrington\
000036.jpg,8826166,27796033,\2020-03-28 - Late Night Rendezvous with Brandon Harrington\
000037.jpg,4477036,DAC8039B,\2020-03-28 - Late Night Rendezvous with Brandon Harrington\
000038.jpg,8577199,ADE5978D,\2020-03-28 - Late Night Rendezvous with Brandon Harrington\
000039.jpg,7932374,FA8099AF,\2020-03-28 - Late Night Rendezvous with Brandon Harrington\
000040.jpg,8585040,D91FACEC,\2020-03-28 - Late Night Rendezvous with Brandon Harrington\
000041.jpg,8410202,564ECD22,\2020-03-28 - Late Night Rendezvous with Brandon Harrington\
000042.jpg,7242534,DC547121,\2020-03-28 - Late Night Rendezvous with Brandon Harrington\
000043.jpg,6882044,AAFCCB92,\2020-03-28 - Late Night Rendezvous with Brandon Harrington\
000044.jpg,7341597,EE42972D,\2020-03-28 - Late Night Rendezvous with Brandon Harrington\
000045.jpg,7519191,EA5DD73C,\2020-03-28 - Late Night Rendezvous with Brandon Harrington\
000046.jpg,7460591,972371F8,\2020-03-28 - Late Night Rendezvous with Brandon Harrington\
000047.jpg,7261801,F82E548C,\2020-03-28 - Late Night Rendezvous with Brandon Harrington\
000048.jpg,6600226,D5ED822F,\2020-03-28 - Late Night Rendezvous with Brandon Harrington\
000049.jpg,6929135,59C24C33,\2020-03-28 - Late Night Rendezvous with Brandon Harrington\
000050.jpg,7507968,D33DBCE,\2020-03-28 - Late Night Rendezvous with Brandon Harrington\
000051.jpg,7649027,6DE223A,\2020-03-28 - Late Night Rendezvous with Brandon Harrington\
000052.jpg,7224413,3D179EB7,\2020-03-28 - Late Night Rendezvous with Brandon Harrington\
000053.jpg,7036526,15D5D0C3,\2020-03-28 - Late Night Rendezvous with Brandon Harrington\
000054.jpg,7153216,2A64B89,\2020-03-28 - Late Night Rendezvous with Brandon Harrington\
000055.jpg,7339808,2A48F409,\2020-03-28 - Late Night Rendezvous with Brandon Harrington\
000056.jpg,7670313,760F266C,\2020-03-28 - Late Night Rendezvous with Brandon Harrington\
000057.jpg,7809367,EB25B195,\2020-03-28 - Late Night Rendezvous with Brandon Harrington\
000058.jpg,7652953,E2E926D7,\2020-03-28 - Late Night Rendezvous with Brandon Harrington\
000059.jpg,7203506,CAF3DAD4,\2020-03-28 - Late Night Rendezvous with Brandon Harrington\
000060.jpg,7623313,70E0AA59,\2020-03-28 - Late Night Rendezvous with Brandon Harrington\
000061.jpg,6899204,D4DA7B0E,\2020-03-28 - Late Night Rendezvous with Brandon Harrington\
000062.jpg,7642863,9E48D030,\2020-03-28 - Late Night Rendezvous with Brandon Harrington\
000063.jpg,7942774,AC4A6A9,\2020-03-28 - Late Night Rendezvous with Brandon Harrington\
000064.jpg,8064884,F4A12596,\2020-03-28 - Late Night Rendezvous with Brandon Harrington\
000065.jpg,5816613,459F58B2,\2020-03-28 - Late Night Rendezvous with Brandon Harrington\
000066.jpg,6136374,5D0DD9D3,\2020-03-28 - Late Night Rendezvous with Brandon Harrington\
000067.jpg,5957875,F88A3CD1,\2020-03-28 - Late Night Rendezvous with Brandon Harrington\
000068.jpg,5940908,9CD264D8,\2020-03-28 - Late Night Rendezvous with Brandon Harrington\
000069.jpg,5319313,87501D7F,\2020-03-28 - Late Night Rendezvous with Brandon Harrington\
000070.jpg,5791775,66CDF36B,\2020-03-28 - Late Night Rendezvous with Brandon Harrington\
000071.jpg,5824220,C60C041D,\2020-03-28 - Late Night Rendezvous with Brandon Harrington\
000072.jpg,5688068,6D5CA753,\2020-03-28 - Late Night Rendezvous with Brandon Harrington\
000073.jpg,5917355,3DAF7A12,\2020-03-28 - Late Night Rendezvous with Brandon Harrington\
000074.jpg,5664006,EA948FCC,\2020-03-28 - Late Night Rendezvous with Brandon Harrington\
000075.jpg,6013047,98065490,\2020-03-28 - Late Night Rendezvous with Brandon Harrington\
000076.jpg,6088926,7FEA2B02,\2020-03-28 - Late Night Rendezvous with Brandon Harrington\
000077.jpg,6268825,E7C7E534,\2020-03-28 - Late Night Rendezvous with Brandon Harrington\
000078.jpg,3256336,FFE9B6E9,\2020-03-28 - Late Night Rendezvous with Brandon Harrington\
000079.jpg,5917444,7E6924ED,\2020-03-28 - Late Night Rendezvous with Brandon Harrington\
000080.jpg,3529345,D64A29EF,\2020-03-28 - Late Night Rendezvous with Brandon Harrington\
000081.jpg,2846196,7843EA2D,\2020-03-28 - Late Night Rendezvous with Brandon Harrington\
000082.jpg,2350184,14BBAB9F,\2020-03-28 - Late Night Rendezvous with Brandon Harrington\
000083.jpg,2699927,98BE190D,\2020-03-28 - Late Night Rendezvous with Brandon Harrington\
000084.jpg,2375923,A9B304EA,\2020-03-28 - Late Night Rendezvous with Brandon Harrington\
000085.jpg,2530735,FA90EB75,\2020-03-28 - Late Night Rendezvous with Brandon Harrington\
000086.jpg,2291723,F3A5FDE6,\2020-03-28 - Late Night Rendezvous with Brandon Harrington\
000087.jpg,1871478,93C021F7,\2020-03-28 - Late Night Rendezvous with Brandon Harrington\
000088.jpg,1790794,A94C4BC3,\2020-03-28 - Late Night Rendezvous with Brandon Harrington\
000089.jpg,2476382,A05DDF9D,\2020-03-28 - Late Night Rendezvous with Brandon Harrington\
000090.jpg,2260813,D42DB17A,\2020-03-28 - Late Night Rendezvous with Brandon Harrington\
000091.jpg,2750098,63C20450,\2020-03-28 - Late Night Rendezvous with Brandon Harrington\
000092.jpg,6359599,F5D5EF74,\2020-03-28 - Late Night Rendezvous with Brandon Harrington\
000093.jpg,1715648,A48142E1,\2020-03-28 - Late Night Rendezvous with Brandon Harrington\
000094.jpg,2472874,6910D698,\2020-03-28 - Late Night Rendezvous with Brandon Harrington\
000095.jpg,4304757,9C7A2CB1,\2020-03-28 - Late Night Rendezvous with Brandon Harrington\
000096.jpg,4602995,4A44A48C,\2020-03-28 - Late Night Rendezvous with Brandon Harrington\
000097.jpg,5713517,42835F6C,\2020-03-28 - Late Night Rendezvous with Brandon Harrington\
000098.jpg,6903465,4E6ECC75,\2020-03-28 - Late Night Rendezvous with Brandon Harrington\
000099.jpg,3600231,1AB43EB3,\2020-03-28 - Late Night Rendezvous with Brandon Harrington\
000100.jpg,3115413,611D7B88,\2020-03-28 - Late Night Rendezvous with Brandon Harrington\
000101.jpg,2872069,C3F5E982,\2020-03-28 - Late Night Rendezvous with Brandon Harrington\
000102.jpg,5998045,86B177ED,\2020-03-28 - Late Night Rendezvous with Brandon Harrington\
000103.jpg,3561616,40521634,\2020-03-28 - Late Night Rendezvous with Brandon Harrington\
000104.jpg,3867825,DDABF97D,\2020-03-28 - Late Night Rendezvous with Brandon Harrington\
000105.jpg,3895545,6A8ACE94,\2020-03-28 - Late Night Rendezvous with Brandon Harrington\
000106.jpg,4493912,A4825CE2,\2020-03-28 - Late Night Rendezvous with Brandon Harrington\
000107.jpg,6389771,1FC39FB9,\2020-03-28 - Late Night Rendezvous with Brandon Harrington\
000108.jpg,3171683,198E683,\2020-03-28 - Late Night Rendezvous with Brandon Harrington\
000109.jpg,3258216,73AED97C,\2020-03-28 - Late Night Rendezvous with Brandon Harrington\
000110.jpg,3539714,23526062,\2020-03-28 - Late Night Rendezvous with Brandon Harrington\
000111.jpg,3552939,F5279A17,\2020-03-28 - Late Night Rendezvous with Brandon Harrington\
000112.jpg,6312416,269CE935,\2020-03-28 - Late Night Rendezvous with Brandon Harrington\
000113.jpg,1712241,925B1E1B,\2020-03-28 - Late Night Rendezvous with Brandon Harrington\
000114.jpg,4311525,609A06DC,\2020-03-28 - Late Night Rendezvous with Brandon Harrington\
000115.jpg,4409705,C30D9220,\2020-03-28 - Late Night Rendezvous with Brandon Harrington\
000116.jpg,6605020,E32BC165,\2020-03-28 - Late Night Rendezvous with Brandon Harrington\
000117.jpg,3913697,31DA3B3,\2020-03-28 - Late Night Rendezvous with Brandon Harrington\
000118.jpg,5895883,18AA5EC7,\2020-03-28 - Late Night Rendezvous with Brandon Harrington\
000119.jpg,6125757,D466422F,\2020-03-28 - Late Night Rendezvous with Brandon Harrington\
000120.jpg,5738883,C45B4D8A,\2020-03-28 - Late Night Rendezvous with Brandon Harrington\
000121.jpg,5353034,63977145,\2020-03-28 - Late Night Rendezvous with Brandon Harrington\
000122.jpg,6197076,EB36C441,\2020-03-28 - Late Night Rendezvous with Brandon Harrington\
000123.jpg,6110474,F208F009,\2020-03-28 - Late Night Rendezvous with Brandon Harrington\
000124.jpg,5873926,6CC95AC6,\2020-03-28 - Late Night Rendezvous with Brandon Harrington\
000125.jpg,5974784,AA20AFB3,\2020-03-28 - Late Night Rendezvous with Brandon Harrington\
000126.jpg,6008770,7D04294C,\2020-03-28 - Late Night Rendezvous with Brandon Harrington\
000127.jpg,5474603,A2E93D3F,\2020-03-28 - Late Night Rendezvous with Brandon Harrington\
000128.jpg,5320186,691731AD,\2020-03-28 - Late Night Rendezvous with Brandon Harrington\
000129.jpg,5463968,3894DB46,\2020-03-28 - Late Night Rendezvous with Brandon Harrington\
000130.jpg,5599311,6CF8B56D,\2020-03-28 - Late Night Rendezvous with Brandon Harrington\
000131.jpg,6430816,75DC261F,\2020-03-28 - Late Night Rendezvous with Brandon Harrington\
000132.jpg,6096116,44BB33ED,\2020-03-28 - Late Night Rendezvous with Brandon Harrington\
000133.jpg,6720599,9BEF94B6,\2020-03-28 - Late Night Rendezvous with Brandon Harrington\
000134.jpg,6920724,3015A05E,\2020-03-28 - Late Night Rendezvous with Brandon Harrington\
000135.jpg,6315688,EAA17219,\2020-03-28 - Late Night Rendezvous with Brandon Harrington\
000136.jpg,6277244,3095A98C,\2020-03-28 - Late Night Rendezvous with Brandon Harrington\
000137.jpg,6641389,E284B9F4,\2020-03-28 - Late Night Rendezvous with Brandon Harrington\
000138.jpg,6457697,A3B03F3C,\2020-03-28 - Late Night Rendezvous with Brandon Harrington\
000139.jpg,6562233,2C346C45,\2020-03-28 - Late Night Rendezvous with Brandon Harrington\
000140.jpg,6440906,16168A81,\2020-03-28 - Late Night Rendezvous with Brandon Harrington\
000141.jpg,6727494,6BF4BADE,\2020-03-28 - Late Night Rendezvous with Brandon Harrington\
000142.jpg,6252148,A63D62B7,\2020-03-28 - Late Night Rendezvous with Brandon Harrington\
000143.jpg,6742426,10EAC9BF,\2020-03-28 - Late Night Rendezvous with Brandon Harrington\
000144.jpg,6627147,F2562420,\2020-03-28 - Late Night Rendezvous with Brandon Harrington\
000145.jpg,6367661,EF7E3B16,\2020-03-28 - Late Night Rendezvous with Brandon Harrington\
000146.jpg,6750090,5CE4798E,\2020-03-28 - Late Night Rendezvous with Brandon Harrington\
000147.jpg,6421976,3B19A74,\2020-03-28 - Late Night Rendezvous with Brandon Harrington\
000148.jpg,6703516,FE44E689,\2020-03-28 - Late Night Rendezvous with Brandon Harrington\
000149.jpg,7163739,D4C2D188,\2020-03-28 - Late Night Rendezvous with Brandon Harrington\
000150.jpg,6139075,98267988,\2020-03-28 - Late Night Rendezvous with Brandon Harrington\
000151.jpg,6281366,B5D9EE37,\2020-03-28 - Late Night Rendezvous with Brandon Harrington\
000152.jpg,6205785,B45B171E,\2020-03-28 - Late Night Rendezvous with Brandon Harrington\
000153.jpg,6549263,A9860D25,\2020-03-28 - Late Night Rendezvous with Brandon Harrington\
000154.jpg,6512778,D1D4063B,\2020-03-28 - Late Night Rendezvous with Brandon Harrington\
000155.jpg,6458245,642965D6,\2020-03-28 - Late Night Rendezvous with Brandon Harrington\
000156.jpg,6250958,2F07A6C9,\2020-03-28 - Late Night Rendezvous with Brandon Harrington\
000157.jpg,6254362,1BE98D36,\2020-03-28 - Late Night Rendezvous with Brandon Harrington\
000158.jpg,6674537,BF0DB259,\2020-03-28 - Late Night Rendezvous with Brandon Harrington\
000159.jpg,6505761,2F13CB7E,\2020-03-28 - Late Night Rendezvous with Brandon Harrington\
000160.jpg,6421942,723EA5CF,\2020-03-28 - Late Night Rendezvous with Brandon Harrington\
000161.jpg,6061576,D2D1152A,\2020-03-28 - Late Night Rendezvous with Brandon Harrington\
000162.jpg,6677821,E113AE67,\2020-03-28 - Late Night Rendezvous with Brandon Harrington\
000163.jpg,6997325,6A6F83E6,\2020-03-28 - Late Night Rendezvous with Brandon Harrington\
000164.jpg,6052576,EFAE3518,\2020-03-28 - Late Night Rendezvous with Brandon Harrington\
000165.jpg,5948403,ECCE9534,\2020-03-28 - Late Night Rendezvous with Brandon Harrington\
000166.jpg,5337104,97E29EEC,\2020-03-28 - Late Night Rendezvous with Brandon Harrington\
000000.jpg,3570807,C067870F,\2020-04-18 - Cum on my feet\
000001.jpg,3892695,DE53BFE9,\2020-04-18 - Cum on my feet\
000002.jpg,4099146,5172A58E,\2020-04-18 - Cum on my feet\
000003.jpg,4053113,9496A56,\2020-04-18 - Cum on my feet\
000004.jpg,3869762,30BC2FEF,\2020-04-18 - Cum on my feet\
000005.jpg,3733520,CF9D21E4,\2020-04-18 - Cum on my feet\
000006.jpg,3851755,CC691168,\2020-04-18 - Cum on my feet\
000007.jpg,3664274,7AC14BA1,\2020-04-18 - Cum on my feet\
000008.jpg,3701607,C8241387,\2020-04-18 - Cum on my feet\
000009.jpg,3604457,B429D96C,\2020-04-18 - Cum on my feet\
000010.jpg,3531242,83C555DF,\2020-04-18 - Cum on my feet\
000011.jpg,3640299,8CCBB300,\2020-04-18 - Cum on my feet\
000012.jpg,3747555,B76FC280,\2020-04-18 - Cum on my feet\
000013.jpg,3772069,36993525,\2020-04-18 - Cum on my feet\
000014.jpg,3440886,B3DB8077,\2020-04-18 - Cum on my feet\
000015.jpg,3854504,87E9FEF,\2020-04-18 - Cum on my feet\
000016.jpg,3448858,E51D1412,\2020-04-18 - Cum on my feet\
000017.jpg,3849542,3F4D3169,\2020-04-18 - Cum on my feet\
000018.jpg,3993199,8EA65C70,\2020-04-18 - Cum on my feet\
000019.jpg,3983035,4C70D065,\2020-04-18 - Cum on my feet\
000020.jpg,3672721,3AB2731,\2020-04-18 - Cum on my feet\
000021.jpg,3821503,7B87AA82,\2020-04-18 - Cum on my feet\
000022.jpg,3512903,BE83922,\2020-04-18 - Cum on my feet\
000023.jpg,3309233,E002FF6D,\2020-04-18 - Cum on my feet\
000024.jpg,3386108,4C59F06,\2020-04-18 - Cum on my feet\
000025.jpg,3456365,688FF705,\2020-04-18 - Cum on my feet\
000026.jpg,3339489,D6547F70,\2020-04-18 - Cum on my feet\
000027.jpg,3590850,C255843D,\2020-04-18 - Cum on my feet\
000028.jpg,2894915,DE9034DE,\2020-04-18 - Cum on my feet\
000029.jpg,3340787,C12AAD73,\2020-04-18 - Cum on my feet\
000030.jpg,3847701,DE548A6D,\2020-04-18 - Cum on my feet\
000031.jpg,3382616,804591C6,\2020-04-18 - Cum on my feet\
000032.jpg,3182181,B8124190,\2020-04-18 - Cum on my feet\
000033.jpg,3280919,E165455B,\2020-04-18 - Cum on my feet\
000034.jpg,3123606,BA71351A,\2020-04-18 - Cum on my feet\
000035.jpg,3582436,2D6017D6,\2020-04-18 - Cum on my feet\
000036.jpg,4087071,539796EC,\2020-04-18 - Cum on my feet\
000037.jpg,3458104,7A42ED81,\2020-04-18 - Cum on my feet\
000038.jpg,3296560,D7F1760B,\2020-04-18 - Cum on my feet\
000039.jpg,3746475,14C5A5C3,\2020-04-18 - Cum on my feet\
000040.jpg,3541368,2845EC5A,\2020-04-18 - Cum on my feet\
000041.jpg,3348109,782B7189,\2020-04-18 - Cum on my feet\
000042.jpg,3280923,1B5C2A1F,\2020-04-18 - Cum on my feet\
000043.jpg,3450847,730D1489,\2020-04-18 - Cum on my feet\
000044.jpg,3195962,1BD74EB8,\2020-04-18 - Cum on my feet\
000045.jpg,3046494,358E615C,\2020-04-18 - Cum on my feet\
000046.jpg,2964484,F72CF77C,\2020-04-18 - Cum on my feet\
000047.jpg,3228693,45CD216E,\2020-04-18 - Cum on my feet\
000048.jpg,3067225,A3477FBE,\2020-04-18 - Cum on my feet\
000049.jpg,3197011,F5B4FC45,\2020-04-18 - Cum on my feet\
000050.jpg,3126555,633E5616,\2020-04-18 - Cum on my feet\
000051.jpg,3404949,FC5554F3,\2020-04-18 - Cum on my feet\
000052.jpg,3294051,3647B36F,\2020-04-18 - Cum on my feet\
000053.jpg,3262570,CD0FDDC9,\2020-04-18 - Cum on my feet\
000054.jpg,3197016,8AA35E00,\2020-04-18 - Cum on my feet\
000055.jpg,3110532,57A260CA,\2020-04-18 - Cum on my feet\
000056.jpg,3110832,A1972928,\2020-04-18 - Cum on my feet\
000057.jpg,3604737,5EEC8008,\2020-04-18 - Cum on my feet\
000058.jpg,3698591,F0DA8ABA,\2020-04-18 - Cum on my feet\
000059.jpg,3795826,AFE11D57,\2020-04-18 - Cum on my feet\
000060.jpg,3755616,4793FF09,\2020-04-18 - Cum on my feet\
000061.jpg,3790124,C16C1061,\2020-04-18 - Cum on my feet\
000062.jpg,3717322,BDAE5B2A,\2020-04-18 - Cum on my feet\
000063.jpg,3380469,A55118A2,\2020-04-18 - Cum on my feet\
000064.jpg,3797173,26529B92,\2020-04-18 - Cum on my feet\
000065.jpg,3651586,8DB73A0C,\2020-04-18 - Cum on my feet\
000066.jpg,3564976,96AD4616,\2020-04-18 - Cum on my feet\
000067.jpg,3417622,902DF87D,\2020-04-18 - Cum on my feet\
000068.jpg,3618637,C6CA776A,\2020-04-18 - Cum on my feet\
000069.jpg,3730396,3C73ACE5,\2020-04-18 - Cum on my feet\
000070.jpg,3428034,11F26F27,\2020-04-18 - Cum on my feet\
000071.jpg,3263327,182CC54C,\2020-04-18 - Cum on my feet\
000072.jpg,3525608,C981623C,\2020-04-18 - Cum on my feet\
000073.jpg,3603671,E3B941D1,\2020-04-18 - Cum on my feet\
000074.jpg,3514899,7ABC4414,\2020-04-18 - Cum on my feet\
000075.jpg,3574284,3A0075F,\2020-04-18 - Cum on my feet\
000076.jpg,3824806,FD996065,\2020-04-18 - Cum on my feet\
000077.jpg,3608554,B94E3404,\2020-04-18 - Cum on my feet\
000078.jpg,3881127,165E64F3,\2020-04-18 - Cum on my feet\
000079.jpg,3902541,10F6D5D,\2020-04-18 - Cum on my feet\
000080.jpg,3631978,72C59715,\2020-04-18 - Cum on my feet\
000081.jpg,3696064,2B4F6320,\2020-04-18 - Cum on my feet\
000082.jpg,3594928,3AFD69E4,\2020-04-18 - Cum on my feet\
000083.jpg,3725379,7D327D80,\2020-04-18 - Cum on my feet\
000084.jpg,3519685,47190587,\2020-04-18 - Cum on my feet\
000085.jpg,3244809,18C7AAA5,\2020-04-18 - Cum on my feet\
000086.jpg,3570867,C373D660,\2020-04-18 - Cum on my feet\
000087.jpg,3776959,F2CB26BA,\2020-04-18 - Cum on my feet\
000088.jpg,3893900,52C57871,\2020-04-18 - Cum on my feet\
000089.jpg,3766639,6EFC63D7,\2020-04-18 - Cum on my feet\
000090.jpg,3226083,793D0A5,\2020-04-18 - Cum on my feet\
000091.jpg,3395925,8FF6F239,\2020-04-18 - Cum on my feet\
000092.jpg,3410552,171E8EE3,\2020-04-18 - Cum on my feet\
000093.jpg,3518277,2BCD0FEE,\2020-04-18 - Cum on my feet\
000094.jpg,3839693,B0A74A52,\2020-04-18 - Cum on my feet\
000095.jpg,3333971,B9836529,\2020-04-18 - Cum on my feet\
000096.jpg,3291225,43615BD9,\2020-04-18 - Cum on my feet\
000097.jpg,3451898,71CC5125,\2020-04-18 - Cum on my feet\
000098.jpg,3188288,F1211E77,\2020-04-18 - Cum on my feet\
000099.jpg,3357380,8F6E9240,\2020-04-18 - Cum on my feet\
000100.jpg,3202289,18E14875,\2020-04-18 - Cum on my feet\
000101.jpg,3267792,6D3BEF15,\2020-04-18 - Cum on my feet\
000102.jpg,3066829,EE9B8A3C,\2020-04-18 - Cum on my feet\
000103.jpg,3315497,971688CD,\2020-04-18 - Cum on my feet\
000104.jpg,3047084,234E53A6,\2020-04-18 - Cum on my feet\
000105.jpg,3339832,FEF48FF0,\2020-04-18 - Cum on my feet\
000106.jpg,3317139,64DE5F6B,\2020-04-18 - Cum on my feet\
000107.jpg,3077742,F599DA34,\2020-04-18 - Cum on my feet\
000108.jpg,3299554,6A021A8,\2020-04-18 - Cum on my feet\
000109.jpg,3234284,41953062,\2020-04-18 - Cum on my feet\
000110.jpg,3205485,BC8E1433,\2020-04-18 - Cum on my feet\
000111.jpg,3278877,95B5BACF,\2020-04-18 - Cum on my feet\
000112.jpg,3285737,E2E63758,\2020-04-18 - Cum on my feet\
000113.jpg,3306727,3FDAA0E,\2020-04-18 - Cum on my feet\
000114.jpg,3236174,8C303010,\2020-04-18 - Cum on my feet\
000115.jpg,3329297,5FD8FFBE,\2020-04-18 - Cum on my feet\
000116.jpg,3400707,714F4DC,\2020-04-18 - Cum on my feet\
000117.jpg,3066131,16387F8B,\2020-04-18 - Cum on my feet\
000118.jpg,3310880,783E0C8B,\2020-04-18 - Cum on my feet\
000119.jpg,3487972,72D4AFA8,\2020-04-18 - Cum on my feet\
000120.jpg,3139078,D5731C2F,\2020-04-18 - Cum on my feet\
000121.jpg,3126916,2AA768BF,\2020-04-18 - Cum on my feet\
000122.jpg,3297067,CE4DF83D,\2020-04-18 - Cum on my feet\
000123.jpg,3180291,ADCFA99A,\2020-04-18 - Cum on my feet\
000124.jpg,3108029,7BC47A8A,\2020-04-18 - Cum on my feet\
000125.jpg,3187895,1E26C1E8,\2020-04-18 - Cum on my feet\
000126.jpg,3255691,CB531677,\2020-04-18 - Cum on my feet\
000127.jpg,3205311,A493E5E9,\2020-04-18 - Cum on my feet\
000128.jpg,3563986,D304EC28,\2020-04-18 - Cum on my feet\
000129.jpg,3317431,BE3C3F8C,\2020-04-18 - Cum on my feet\
000130.jpg,3232269,DE092092,\2020-04-18 - Cum on my feet\
000131.jpg,3292991,91D7427E,\2020-04-18 - Cum on my feet\
000132.jpg,3218954,41A7C435,\2020-04-18 - Cum on my feet\
000133.jpg,3227601,80684B3B,\2020-04-18 - Cum on my feet\
000134.jpg,3278955,A4695510,\2020-04-18 - Cum on my feet\
000135.jpg,3159115,526DB42B,\2020-04-18 - Cum on my feet\
000136.jpg,3213642,B4B27550,\2020-04-18 - Cum on my feet\
000137.jpg,3328992,E705092,\2020-04-18 - Cum on my feet\
000138.jpg,3464453,33BA9478,\2020-04-18 - Cum on my feet\
000139.jpg,3695693,DE25CCB5,\2020-04-18 - Cum on my feet\
000140.jpg,3889015,5730184D,\2020-04-18 - Cum on my feet\
000141.jpg,3820231,34A85369,\2020-04-18 - Cum on my feet\
000142.jpg,3682218,D74B3879,\2020-04-18 - Cum on my feet\
000143.jpg,3836419,6D453E6E,\2020-04-18 - Cum on my feet\
000144.jpg,3314655,964D04F2,\2020-04-18 - Cum on my feet\
000145.jpg,3264324,68992B42,\2020-04-18 - Cum on my feet\
000146.jpg,3343477,3CDC7586,\2020-04-18 - Cum on my feet\
000147.jpg,3466423,9C2BD63,\2020-04-18 - Cum on my feet\
000148.jpg,3304219,13EE72D9,\2020-04-18 - Cum on my feet\
000149.jpg,3244105,AF174423,\2020-04-18 - Cum on my feet\
000150.jpg,3319644,F2D1D055,\2020-04-18 - Cum on my feet\
000151.jpg,3383554,5702CC75,\2020-04-18 - Cum on my feet\
000152.jpg,3712754,123E4FDE,\2020-04-18 - Cum on my feet\
000153.jpg,3716380,1F72A705,\2020-04-18 - Cum on my feet\
000154.jpg,3579058,48F3AFDC,\2020-04-18 - Cum on my feet\
000155.jpg,3689229,DA05A80C,\2020-04-18 - Cum on my feet\
000156.jpg,3358437,31C5439C,\2020-04-18 - Cum on my feet\
000157.jpg,3425377,C2989F9F,\2020-04-18 - Cum on my feet\
000158.jpg,3419411,493191BB,\2020-04-18 - Cum on my feet\
000159.jpg,3360794,F27572BF,\2020-04-18 - Cum on my feet\
000160.jpg,3278059,BDC35DBC,\2020-04-18 - Cum on my feet\
000161.jpg,3398998,A2E7B067,\2020-04-18 - Cum on my feet\
000162.jpg,3265095,CEFF1932,\2020-04-18 - Cum on my feet\
000163.jpg,3433580,DEFFB046,\2020-04-18 - Cum on my feet\
000164.jpg,3462581,9E0B5161,\2020-04-18 - Cum on my feet\
000165.jpg,3302646,F2C40AD8,\2020-04-18 - Cum on my feet\
000166.jpg,3628107,C7F0A3A5,\2020-04-18 - Cum on my feet\
000167.jpg,3125702,5B952610,\2020-04-18 - Cum on my feet\
000168.jpg,3175959,28C5A65,\2020-04-18 - Cum on my feet\
000169.jpg,3025969,52BD8241,\2020-04-18 - Cum on my feet\
000170.jpg,3078989,37F40CBB,\2020-04-18 - Cum on my feet\
000171.jpg,3098136,96C98AA4,\2020-04-18 - Cum on my feet\
000172.jpg,3398787,1F4515A8,\2020-04-18 - Cum on my feet\
000173.jpg,3215750,51A78CCC,\2020-04-18 - Cum on my feet\
000174.jpg,3149320,56AFF764,\2020-04-18 - Cum on my feet\
000175.jpg,3310967,150DA762,\2020-04-18 - Cum on my feet\
000176.jpg,3396712,CD62AEA1,\2020-04-18 - Cum on my feet\
000177.jpg,3284137,25191BCE,\2020-04-18 - Cum on my feet\
000178.jpg,3092714,8EFDE166,\2020-04-18 - Cum on my feet\
000179.jpg,3233130,D6D45F83,\2020-04-18 - Cum on my feet\
000180.jpg,3397722,28921C4A,\2020-04-18 - Cum on my feet\
000181.jpg,3241365,ACC75B85,\2020-04-18 - Cum on my feet\
000182.jpg,3284150,BD72D948,\2020-04-18 - Cum on my feet\
000183.jpg,3254358,45A7B6E1,\2020-04-18 - Cum on my feet\
000184.jpg,3308523,BD0AFE54,\2020-04-18 - Cum on my feet\
000185.jpg,3348866,B0016386,\2020-04-18 - Cum on my feet\
000186.jpg,3120095,C808FBD1,\2020-04-18 - Cum on my feet\
000187.jpg,3833636,EFEF1A10,\2020-04-18 - Cum on my feet\
000188.jpg,3385777,DBB27BDB,\2020-04-18 - Cum on my feet\
000189.jpg,3578465,E0432B3,\2020-04-18 - Cum on my feet\
000000.jpg,3545984,82B9648,\2020-04-18 - Easter morning masturbation\
000001.jpg,3434498,39FBA261,\2020-04-18 - Easter morning masturbation\
000002.jpg,3296992,892C4BC8,\2020-04-18 - Easter morning masturbation\
000003.jpg,3611663,92034BF6,\2020-04-18 - Easter morning masturbation\
000004.jpg,3381184,1EE418DE,\2020-04-18 - Easter morning masturbation\
000005.jpg,3065356,1C704A6F,\2020-04-18 - Easter morning masturbation\
000006.jpg,3410041,372A15EE,\2020-04-18 - Easter morning masturbation\
000007.jpg,3253369,F89FA268,\2020-04-18 - Easter morning masturbation\
000008.jpg,3258074,8EA55DFF,\2020-04-18 - Easter morning masturbation\
000009.jpg,3149033,A3B6F6E,\2020-04-18 - Easter morning masturbation\
000010.jpg,3189061,E80018B0,\2020-04-18 - Easter morning masturbation\
000011.jpg,3217588,F542BD3A,\2020-04-18 - Easter morning masturbation\
000012.jpg,3159839,13F5FCA4,\2020-04-18 - Easter morning masturbation\
000013.jpg,3181315,B0C6B367,\2020-04-18 - Easter morning masturbation\
000014.jpg,3139543,B654E662,\2020-04-18 - Easter morning masturbation\
000015.jpg,3151814,6F8A6859,\2020-04-18 - Easter morning masturbation\
000016.jpg,3181632,FE9B9825,\2020-04-18 - Easter morning masturbation\
000017.jpg,3248217,B5E4900F,\2020-04-18 - Easter morning masturbation\
000018.jpg,3357179,77D4DC58,\2020-04-18 - Easter morning masturbation\
000019.jpg,3329807,67356C5D,\2020-04-18 - Easter morning masturbation\
000020.jpg,2939158,C80B4CE3,\2020-04-18 - Easter morning masturbation\
000021.jpg,2975284,6705438B,\2020-04-18 - Easter morning masturbation\
000022.jpg,3077720,E7C46DC3,\2020-04-18 - Easter morning masturbation\
000023.jpg,3173172,21C05E53,\2020-04-18 - Easter morning masturbation\
000024.jpg,2898781,C1833083,\2020-04-18 - Easter morning masturbation\
000025.jpg,3023829,4E003F12,\2020-04-18 - Easter morning masturbation\
000026.jpg,3136627,AEFE3C1A,\2020-04-18 - Easter morning masturbation\
000027.jpg,3163271,979EB979,\2020-04-18 - Easter morning masturbation\
000028.jpg,3487786,2267FD09,\2020-04-18 - Easter morning masturbation\
000029.jpg,3276590,2F076B47,\2020-04-18 - Easter morning masturbation\
000030.jpg,3325677,5AA2FF11,\2020-04-18 - Easter morning masturbation\
000031.jpg,3109575,B55FE99C,\2020-04-18 - Easter morning masturbation\
000032.jpg,3414637,571CC8C,\2020-04-18 - Easter morning masturbation\
000033.jpg,3263957,F5B6CC7F,\2020-04-18 - Easter morning masturbation\
000034.jpg,3332909,308136BA,\2020-04-18 - Easter morning masturbation\
000035.jpg,3381130,629F2DDA,\2020-04-18 - Easter morning masturbation\
000036.jpg,3425957,6EFCF6F6,\2020-04-18 - Easter morning masturbation\
000037.jpg,3096360,48BEC289,\2020-04-18 - Easter morning masturbation\
000038.jpg,3039471,F8B8AA51,\2020-04-18 - Easter morning masturbation\
000039.jpg,4156298,752C1F46,\2020-04-18 - Easter morning masturbation\
000040.jpg,4138389,3E589BA8,\2020-04-18 - Easter morning masturbation\
000041.jpg,4331349,AB3F608F,\2020-04-18 - Easter morning masturbation\
000042.jpg,4441268,B4C2EDD0,\2020-04-18 - Easter morning masturbation\
000043.jpg,4469386,3FB0181B,\2020-04-18 - Easter morning masturbation\
000044.jpg,4440452,5095170A,\2020-04-18 - Easter morning masturbation\
000045.jpg,4528208,31B10B6B,\2020-04-18 - Easter morning masturbation\
000046.jpg,4533563,E7ABA242,\2020-04-18 - Easter morning masturbation\
000047.jpg,3738701,DE0072BE,\2020-04-18 - Easter morning masturbation\
000048.jpg,3663359,47632713,\2020-04-18 - Easter morning masturbation\
000049.jpg,3783911,10242FB5,\2020-04-18 - Easter morning masturbation\
000050.jpg,3699109,F750A5FB,\2020-04-18 - Easter morning masturbation\
000051.jpg,3827256,99476DBD,\2020-04-18 - Easter morning masturbation\
000052.jpg,3868468,13C60C02,\2020-04-18 - Easter morning masturbation\
000053.jpg,3804137,5BB3C07,\2020-04-18 - Easter morning masturbation\
000054.jpg,3876913,DFB1CE48,\2020-04-18 - Easter morning masturbation\
000055.jpg,3725844,2B14E35,\2020-04-18 - Easter morning masturbation\
000056.jpg,3676697,E14FB9EE,\2020-04-18 - Easter morning masturbation\
000057.jpg,3758418,160F4A8,\2020-04-18 - Easter morning masturbation\
000058.jpg,3768216,58281A2D,\2020-04-18 - Easter morning masturbation\
000059.jpg,3593240,2527A45A,\2020-04-18 - Easter morning masturbation\
000060.jpg,3899088,247448EC,\2020-04-18 - Easter morning masturbation\
000061.jpg,3808331,8999E29B,\2020-04-18 - Easter morning masturbation\
000062.jpg,3683373,F0EB7819,\2020-04-18 - Easter morning masturbation\
000063.jpg,3673203,271E341B,\2020-04-18 - Easter morning masturbation\
000064.jpg,3586419,EF457E99,\2020-04-18 - Easter morning masturbation\
000065.jpg,3759646,FF1027E3,\2020-04-18 - Easter morning masturbation\
000066.jpg,3697179,46426CDE,\2020-04-18 - Easter morning masturbation\
000067.jpg,3684117,A9ACEF7E,\2020-04-18 - Easter morning masturbation\
000068.jpg,3728230,64E5A4E0,\2020-04-18 - Easter morning masturbation\
000069.jpg,3771137,FD912FD2,\2020-04-18 - Easter morning masturbation\
000070.jpg,3810610,F433983B,\2020-04-18 - Easter morning masturbation\
000071.jpg,3573097,F4058A54,\2020-04-18 - Easter morning masturbation\
000072.jpg,3485366,939677BB,\2020-04-18 - Easter morning masturbation\
000073.jpg,3584757,D79EEAFB,\2020-04-18 - Easter morning masturbation\
000074.jpg,3673700,640F267,\2020-04-18 - Easter morning masturbation\
000075.jpg,3528098,E2319D23,\2020-04-18 - Easter morning masturbation\
000076.jpg,3748026,E3000E98,\2020-04-18 - Easter morning masturbation\
000077.jpg,3749705,58AAD038,\2020-04-18 - Easter morning masturbation\
000078.jpg,3748486,F5BF824C,\2020-04-18 - Easter morning masturbation\
000079.jpg,3780396,7709B560,\2020-04-18 - Easter morning masturbation\
000080.jpg,3741919,925BF91,\2020-04-18 - Easter morning masturbation\
000081.jpg,3719809,E5EFB7C7,\2020-04-18 - Easter morning masturbation\
000082.jpg,3632315,B22A7ACF,\2020-04-18 - Easter morning masturbation\
000083.jpg,3720619,47CE2DC1,\2020-04-18 - Easter morning masturbation\
000084.jpg,3790437,23D928B4,\2020-04-18 - Easter morning masturbation\
000085.jpg,3709349,3D4DF203,\2020-04-18 - Easter morning masturbation\
000086.jpg,3613766,71E88005,\2020-04-18 - Easter morning masturbation\
000087.jpg,4055406,4C5B3076,\2020-04-18 - Easter morning masturbation\
000088.jpg,4230456,E082651E,\2020-04-18 - Easter morning masturbation\
000089.jpg,3995731,38DBC7AE,\2020-04-18 - Easter morning masturbation\
000090.jpg,3846185,2CFC2D20,\2020-04-18 - Easter morning masturbation\
000091.jpg,3454409,957FB90C,\2020-04-18 - Easter morning masturbation\
000092.jpg,3239529,4F547065,\2020-04-18 - Easter morning masturbation\
000093.jpg,3188031,24AED5C0,\2020-04-18 - Easter morning masturbation\
000094.jpg,3151352,A0F85CCB,\2020-04-18 - Easter morning masturbation\
000095.jpg,3252000,FB6C98A2,\2020-04-18 - Easter morning masturbation\
000096.jpg,2992997,4DBD0806,\2020-04-18 - Easter morning masturbation\
000097.jpg,3025220,86AF28A5,\2020-04-18 - Easter morning masturbation\
000098.jpg,2921610,673D6545,\2020-04-18 - Easter morning masturbation\
000099.jpg,3530815,D6A6999,\2020-04-18 - Easter morning masturbation\
000100.jpg,3520968,6A082751,\2020-04-18 - Easter morning masturbation\
000101.jpg,3312080,10BA8798,\2020-04-18 - Easter morning masturbation\
000102.jpg,3310653,99F5020E,\2020-04-18 - Easter morning masturbation\
000103.jpg,3280739,18A43D64,\2020-04-18 - Easter morning masturbation\
000104.jpg,3304068,5E693CC8,\2020-04-18 - Easter morning masturbation\
000105.jpg,3347278,27267320,\2020-04-18 - Easter morning masturbation\
000106.jpg,3179365,F7E4CE4,\2020-04-18 - Easter morning masturbation\
000107.jpg,3226222,80F4CB7D,\2020-04-18 - Easter morning masturbation\
000108.jpg,3305609,616B5415,\2020-04-18 - Easter morning masturbation\
000109.jpg,3256343,1A2CB9A2,\2020-04-18 - Easter morning masturbation\
000110.jpg,3094136,46A314AD,\2020-04-18 - Easter morning masturbation\
000111.jpg,3064527,4A5207B0,\2020-04-18 - Easter morning masturbation\
000112.jpg,3122232,6FE745D4,\2020-04-18 - Easter morning masturbation\
000113.jpg,3122209,5A5F2611,\2020-04-18 - Easter morning masturbation\
000114.jpg,3128831,C7F17607,\2020-04-18 - Easter morning masturbation\
000115.jpg,3871771,BE7A4AA5,\2020-04-18 - Easter morning masturbation\
000116.jpg,3740648,6D78423C,\2020-04-18 - Easter morning masturbation\
000117.jpg,3672300,E0EF7A7D,\2020-04-18 - Easter morning masturbation\
000118.jpg,3724741,29CF80C3,\2020-04-18 - Easter morning masturbation\
000119.jpg,3158262,DFE3F361,\2020-04-18 - Easter morning masturbation\
000120.jpg,3094616,F78F869E,\2020-04-18 - Easter morning masturbation\
000121.jpg,3136991,2E4623F9,\2020-04-18 - Easter morning masturbation\
000122.jpg,3163028,9F90AF35,\2020-04-18 - Easter morning masturbation\
000123.jpg,3208734,8DC32C0E,\2020-04-18 - Easter morning masturbation\
000124.jpg,3162475,EB8C531C,\2020-04-18 - Easter morning masturbation\
000125.jpg,3195335,FF08601A,\2020-04-18 - Easter morning masturbation\
000126.jpg,3986286,9A578A9E,\2020-04-18 - Easter morning masturbation\
000127.jpg,4103844,57A4F32,\2020-04-18 - Easter morning masturbation\
000128.jpg,4095175,4EAD61E8,\2020-04-18 - Easter morning masturbation\
000129.jpg,4103739,93AE0D5B,\2020-04-18 - Easter morning masturbation\
000130.jpg,4192187,4845288A,\2020-04-18 - Easter morning masturbation\
000131.jpg,4041156,BF7F3405,\2020-04-18 - Easter morning masturbation\
000132.jpg,3041766,4F47CB7A,\2020-04-18 - Easter morning masturbation\
000133.jpg,3137773,F886058B,\2020-04-18 - Easter morning masturbation\
000134.jpg,3062684,A84FD6A8,\2020-04-18 - Easter morning masturbation\
000135.jpg,3144983,D745BE90,\2020-04-18 - Easter morning masturbation\
000136.jpg,3245163,49F43BA5,\2020-04-18 - Easter morning masturbation\
000137.jpg,3280312,37B5DD21,\2020-04-18 - Easter morning masturbation\
000138.jpg,3278293,17DC2AF3,\2020-04-18 - Easter morning masturbation\
000139.jpg,3233482,C2B771B0,\2020-04-18 - Easter morning masturbation\
000140.jpg,3382362,2A2EA7EB,\2020-04-18 - Easter morning masturbation\
000141.jpg,3083219,950371CD,\2020-04-18 - Easter morning masturbation\
000142.jpg,3452608,EB9EDA5A,\2020-04-18 - Easter morning masturbation\
000143.jpg,3464839,6AFCCC44,\2020-04-18 - Easter morning masturbation\
000144.jpg,3459258,663DABC9,\2020-04-18 - Easter morning masturbation\
000145.jpg,3387881,EBE29E0F,\2020-04-18 - Easter morning masturbation\
000146.jpg,3125692,561A0A0E,\2020-04-18 - Easter morning masturbation\
000147.jpg,3261981,3EA7FFF2,\2020-04-18 - Easter morning masturbation\
000148.jpg,3194675,9C43CDEA,\2020-04-18 - Easter morning masturbation\
000149.jpg,3193868,4C6CAFD7,\2020-04-18 - Easter morning masturbation\
000150.jpg,3450437,3DBE9858,\2020-04-18 - Easter morning masturbation\
000151.jpg,3546128,59A39422,\2020-04-18 - Easter morning masturbation\
000152.jpg,3486460,859209E,\2020-04-18 - Easter morning masturbation\
000153.jpg,3570485,AEEC3F5B,\2020-04-18 - Easter morning masturbation\
000154.jpg,3442476,1BA62F67,\2020-04-18 - Easter morning masturbation\
000000.jpg,3567347,676B7C90,\2020-04-25 - No Boyz Just Toyz 7\
000001.jpg,3557892,38DE7A5E,\2020-04-25 - No Boyz Just Toyz 7\
000002.jpg,3239919,D7619DC,\2020-04-25 - No Boyz Just Toyz 7\
000003.jpg,3437683,8F169774,\2020-04-25 - No Boyz Just Toyz 7\
000004.jpg,3123733,166F8BCD,\2020-04-25 - No Boyz Just Toyz 7\
000005.jpg,3363587,2D013797,\2020-04-25 - No Boyz Just Toyz 7\
000006.jpg,3235996,44A5459C,\2020-04-25 - No Boyz Just Toyz 7\
000007.jpg,3373927,3C370464,\2020-04-25 - No Boyz Just Toyz 7\
000008.jpg,3379169,A5E8EED2,\2020-04-25 - No Boyz Just Toyz 7\
000009.jpg,3383682,7F47BC63,\2020-04-25 - No Boyz Just Toyz 7\
000010.jpg,3204909,55E4CA0A,\2020-04-25 - No Boyz Just Toyz 7\
000011.jpg,3267557,C7E8DBE9,\2020-04-25 - No Boyz Just Toyz 7\
000012.jpg,3358035,4D8D79CA,\2020-04-25 - No Boyz Just Toyz 7\
000013.jpg,3172155,FD5FC0DF,\2020-04-25 - No Boyz Just Toyz 7\
000014.jpg,3377846,A475EBF4,\2020-04-25 - No Boyz Just Toyz 7\
000015.jpg,3346470,3CAFD87B,\2020-04-25 - No Boyz Just Toyz 7\
000016.jpg,3663752,3ECF4F5B,\2020-04-25 - No Boyz Just Toyz 7\
000017.jpg,3298707,2CEE1C24,\2020-04-25 - No Boyz Just Toyz 7\
000018.jpg,3438175,BA58CAEF,\2020-04-25 - No Boyz Just Toyz 7\
000019.jpg,3514350,34E7ADD6,\2020-04-25 - No Boyz Just Toyz 7\
000020.jpg,3248694,2171AB44,\2020-04-25 - No Boyz Just Toyz 7\
000021.jpg,3521539,C8C6003B,\2020-04-25 - No Boyz Just Toyz 7\
000022.jpg,3537974,99308F0F,\2020-04-25 - No Boyz Just Toyz 7\
000023.jpg,3298712,81673681,\2020-04-25 - No Boyz Just Toyz 7\
000024.jpg,3368439,2298C2E8,\2020-04-25 - No Boyz Just Toyz 7\
000025.jpg,3194041,DA505B4F,\2020-04-25 - No Boyz Just Toyz 7\
000026.jpg,3204233,E59F1C5C,\2020-04-25 - No Boyz Just Toyz 7\
000027.jpg,3332046,D0397332,\2020-04-25 - No Boyz Just Toyz 7\
000028.jpg,3381124,7089C9AB,\2020-04-25 - No Boyz Just Toyz 7\
000029.jpg,3097017,C1F47406,\2020-04-25 - No Boyz Just Toyz 7\
000030.jpg,3252451,EAB37E46,\2020-04-25 - No Boyz Just Toyz 7\
000031.jpg,4771045,535F21CB,\2020-04-25 - No Boyz Just Toyz 7\
000032.jpg,3191159,8B01C79A,\2020-04-25 - No Boyz Just Toyz 7\
000033.jpg,3414410,34263EA9,\2020-04-25 - No Boyz Just Toyz 7\
000034.jpg,3400294,990B28BE,\2020-04-25 - No Boyz Just Toyz 7\
000035.jpg,3333887,AB67504C,\2020-04-25 - No Boyz Just Toyz 7\
000036.jpg,3202387,1A5F7117,\2020-04-25 - No Boyz Just Toyz 7\
000037.jpg,3323953,A3E3979B,\2020-04-25 - No Boyz Just Toyz 7\
000038.jpg,3272733,67C054E,\2020-04-25 - No Boyz Just Toyz 7\
000039.jpg,3050721,AA132E7B,\2020-04-25 - No Boyz Just Toyz 7\
000040.jpg,3078278,692FFE46,\2020-04-25 - No Boyz Just Toyz 7\
000041.jpg,3385637,A7B4DD82,\2020-04-25 - No Boyz Just Toyz 7\
000042.jpg,3320008,22C4E873,\2020-04-25 - No Boyz Just Toyz 7\
000043.jpg,3183257,479BCFED,\2020-04-25 - No Boyz Just Toyz 7\
000044.jpg,3139247,8232D1A4,\2020-04-25 - No Boyz Just Toyz 7\
000045.jpg,3052012,7BF5E77E,\2020-04-25 - No Boyz Just Toyz 7\
000046.jpg,3071762,8A06A29C,\2020-04-25 - No Boyz Just Toyz 7\
000047.jpg,3296360,CFB3351A,\2020-04-25 - No Boyz Just Toyz 7\
000048.jpg,3474403,35660870,\2020-04-25 - No Boyz Just Toyz 7\
000049.jpg,3283648,4D32AF3B,\2020-04-25 - No Boyz Just Toyz 7\
000050.jpg,3402389,B11C597A,\2020-04-25 - No Boyz Just Toyz 7\
000051.jpg,3304759,44B59F4,\2020-04-25 - No Boyz Just Toyz 7\
000052.jpg,3375725,A39B78B6,\2020-04-25 - No Boyz Just Toyz 7\
000053.jpg,3308690,D304C937,\2020-04-25 - No Boyz Just Toyz 7\
000054.jpg,3247977,1B4C113,\2020-04-25 - No Boyz Just Toyz 7\
000055.jpg,3214396,286C0310,\2020-04-25 - No Boyz Just Toyz 7\
000056.jpg,3017059,C47B578B,\2020-04-25 - No Boyz Just Toyz 7\
000057.jpg,2769474,FAB0F67F,\2020-04-25 - No Boyz Just Toyz 7\
000058.jpg,2773379,FA63F586,\2020-04-25 - No Boyz Just Toyz 7\
000059.jpg,3095585,40996D38,\2020-04-25 - No Boyz Just Toyz 7\
000060.jpg,3096411,FFA48D14,\2020-04-25 - No Boyz Just Toyz 7\
000061.jpg,3053236,C2470ED4,\2020-04-25 - No Boyz Just Toyz 7\
000062.jpg,3120522,1A0E461B,\2020-04-25 - No Boyz Just Toyz 7\
000063.jpg,3006958,666B3E52,\2020-04-25 - No Boyz Just Toyz 7\
000064.jpg,2995733,CC96125C,\2020-04-25 - No Boyz Just Toyz 7\
000065.jpg,3427820,8A204999,\2020-04-25 - No Boyz Just Toyz 7\
000066.jpg,3025088,3CC33488,\2020-04-25 - No Boyz Just Toyz 7\
000067.jpg,3104562,85126CE3,\2020-04-25 - No Boyz Just Toyz 7\
000068.jpg,3201178,2EB3D120,\2020-04-25 - No Boyz Just Toyz 7\
000069.jpg,3566936,D9E91BE,\2020-04-25 - No Boyz Just Toyz 7\
000070.jpg,3672032,FD4ADCFF,\2020-04-25 - No Boyz Just Toyz 7\
000071.jpg,3492965,850C702D,\2020-04-25 - No Boyz Just Toyz 7\
000072.jpg,3405039,A0C04D39,\2020-04-25 - No Boyz Just Toyz 7\
000073.jpg,3406768,A3279D97,\2020-04-25 - No Boyz Just Toyz 7\
000074.jpg,3361013,A1C3CA4F,\2020-04-25 - No Boyz Just Toyz 7\
000075.jpg,3295344,E42AA07,\2020-04-25 - No Boyz Just Toyz 7\
000076.jpg,3261182,B5C67F5,\2020-04-25 - No Boyz Just Toyz 7\
000077.jpg,2740646,C83F8210,\2020-04-25 - No Boyz Just Toyz 7\
000078.jpg,2695009,D4B80B4B,\2020-04-25 - No Boyz Just Toyz 7\
000079.jpg,2883520,B270ACF0,\2020-04-25 - No Boyz Just Toyz 7\
000080.jpg,2918952,7D67F6A9,\2020-04-25 - No Boyz Just Toyz 7\
000081.jpg,2783661,12481CF3,\2020-04-25 - No Boyz Just Toyz 7\
000082.jpg,2796033,A0CE3472,\2020-04-25 - No Boyz Just Toyz 7\
000083.jpg,2582868,91818FC5,\2020-04-25 - No Boyz Just Toyz 7\
000084.jpg,2619686,E93ABA19,\2020-04-25 - No Boyz Just Toyz 7\
000085.jpg,2934412,9D8A7DDE,\2020-04-25 - No Boyz Just Toyz 7\
000086.jpg,2966113,EF9C890E,\2020-04-25 - No Boyz Just Toyz 7\
000087.jpg,2827908,4A2F79EE,\2020-04-25 - No Boyz Just Toyz 7\
000088.jpg,2842551,1B45400D,\2020-04-25 - No Boyz Just Toyz 7\
000089.jpg,2852542,51BF0265,\2020-04-25 - No Boyz Just Toyz 7\
000090.jpg,2902895,8DE5F869,\2020-04-25 - No Boyz Just Toyz 7\
000091.jpg,3023739,21239635,\2020-04-25 - No Boyz Just Toyz 7\
000092.jpg,3062870,CDE34CF,\2020-04-25 - No Boyz Just Toyz 7\
000093.jpg,2766175,36BBF42A,\2020-04-25 - No Boyz Just Toyz 7\
000094.jpg,2737581,33B5F470,\2020-04-25 - No Boyz Just Toyz 7\
000095.jpg,2789758,A60581B4,\2020-04-25 - No Boyz Just Toyz 7\
000096.jpg,2809316,D0CC1365,\2020-04-25 - No Boyz Just Toyz 7\
000097.jpg,2697188,B7376F9D,\2020-04-25 - No Boyz Just Toyz 7\
000098.jpg,2936489,FE7AC6CE,\2020-04-25 - No Boyz Just Toyz 7\
000099.jpg,3240616,E5FF4EAC,\2020-04-25 - No Boyz Just Toyz 7\
000100.jpg,3254923,2E4CBF73,\2020-04-25 - No Boyz Just Toyz 7\
000101.jpg,2711765,8FF52CC8,\2020-04-25 - No Boyz Just Toyz 7\
000102.jpg,2709061,49A53820,\2020-04-25 - No Boyz Just Toyz 7\
000103.jpg,2787208,371A1341,\2020-04-25 - No Boyz Just Toyz 7\
000104.jpg,2738797,30FB1AF4,\2020-04-25 - No Boyz Just Toyz 7\
000105.jpg,2706598,D4D282CB,\2020-04-25 - No Boyz Just Toyz 7\
000106.jpg,2663737,9100DDCC,\2020-04-25 - No Boyz Just Toyz 7\
000107.jpg,2614336,A6D8F9C4,\2020-04-25 - No Boyz Just Toyz 7\
000108.jpg,2671451,D29A9AE3,\2020-04-25 - No Boyz Just Toyz 7\
000109.jpg,2889347,E3CA1607,\2020-04-25 - No Boyz Just Toyz 7\
000110.jpg,2843859,70A52017,\2020-04-25 - No Boyz Just Toyz 7\
000111.jpg,2781850,E0B4630,\2020-04-25 - No Boyz Just Toyz 7\
000112.jpg,2687809,1BE8C297,\2020-04-25 - No Boyz Just Toyz 7\
000113.jpg,2737125,16299D2F,\2020-04-25 - No Boyz Just Toyz 7\
000114.jpg,2835563,5C698675,\2020-04-25 - No Boyz Just Toyz 7\
000115.jpg,2607296,BB49A167,\2020-04-25 - No Boyz Just Toyz 7\
000116.jpg,2643239,ACEEBF44,\2020-04-25 - No Boyz Just Toyz 7\
000117.jpg,2910699,F0C5EA72,\2020-04-25 - No Boyz Just Toyz 7\
000118.jpg,3042191,59C7E55,\2020-04-25 - No Boyz Just Toyz 7\
000119.jpg,3114271,3D7507D6,\2020-04-25 - No Boyz Just Toyz 7\
000120.jpg,3164199,9C38A4B,\2020-04-25 - No Boyz Just Toyz 7\
000121.jpg,2965516,F81F1D78,\2020-04-25 - No Boyz Just Toyz 7\
000122.jpg,3027637,4B1BEB02,\2020-04-25 - No Boyz Just Toyz 7\
000123.jpg,3046110,8BCA393D,\2020-04-25 - No Boyz Just Toyz 7\
000124.jpg,3049278,339A783E,\2020-04-25 - No Boyz Just Toyz 7\
000125.jpg,3084997,D525A15F,\2020-04-25 - No Boyz Just Toyz 7\
000126.jpg,3008583,5E3E97DA,\2020-04-25 - No Boyz Just Toyz 7\
000127.jpg,2630808,580E35CD,\2020-04-25 - No Boyz Just Toyz 7\
000128.jpg,2745290,27ECCE17,\2020-04-25 - No Boyz Just Toyz 7\
000129.jpg,2809609,FE5EABF3,\2020-04-25 - No Boyz Just Toyz 7\
000130.jpg,2796321,728FDE46,\2020-04-25 - No Boyz Just Toyz 7\
000131.jpg,3389010,41563DBE,\2020-04-25 - No Boyz Just Toyz 7\
000132.jpg,3414591,AEE853E7,\2020-04-25 - No Boyz Just Toyz 7\
000133.jpg,3371813,83E4EA09,\2020-04-25 - No Boyz Just Toyz 7\
000000.jpg,3466021,C392393C,\2020-06-13 - Late Night Rendezvous with Gino and Max Jenkins\
000001.jpg,3223726,54B098DF,\2020-06-13 - Late Night Rendezvous with Gino and Max Jenkins\
000002.jpg,3037000,E78EAF82,\2020-06-13 - Late Night Rendezvous with Gino and Max Jenkins\
000003.jpg,3074337,2D88FD4B,\2020-06-13 - Late Night Rendezvous with Gino and Max Jenkins\
000004.jpg,3076261,C6FCF91C,\2020-06-13 - Late Night Rendezvous with Gino and Max Jenkins\
000005.jpg,3135610,9DD39A33,\2020-06-13 - Late Night Rendezvous with Gino and Max Jenkins\
000006.jpg,3264154,4E00531A,\2020-06-13 - Late Night Rendezvous with Gino and Max Jenkins\
000007.jpg,3268716,504F2263,\2020-06-13 - Late Night Rendezvous with Gino and Max Jenkins\
000008.jpg,3325518,A147DB5B,\2020-06-13 - Late Night Rendezvous with Gino and Max Jenkins\
000009.jpg,3356803,267D4F3E,\2020-06-13 - Late Night Rendezvous with Gino and Max Jenkins\
000010.jpg,3091051,CB5DDA5C,\2020-06-13 - Late Night Rendezvous with Gino and Max Jenkins\
000011.jpg,3064313,2CDB3E5B,\2020-06-13 - Late Night Rendezvous with Gino and Max Jenkins\
000012.jpg,3374724,BD731D1E,\2020-06-13 - Late Night Rendezvous with Gino and Max Jenkins\
000013.jpg,3507480,B416C51,\2020-06-13 - Late Night Rendezvous with Gino and Max Jenkins\
000014.jpg,3222367,AA2E4422,\2020-06-13 - Late Night Rendezvous with Gino and Max Jenkins\
000015.jpg,3042520,E64484FD,\2020-06-13 - Late Night Rendezvous with Gino and Max Jenkins\
000016.jpg,3018818,C2E722DC,\2020-06-13 - Late Night Rendezvous with Gino and Max Jenkins\
000017.jpg,3251496,2284E17A,\2020-06-13 - Late Night Rendezvous with Gino and Max Jenkins\
000018.jpg,3276028,C558CF70,\2020-06-13 - Late Night Rendezvous with Gino and Max Jenkins\
000019.jpg,3118959,FCFACB0B,\2020-06-13 - Late Night Rendezvous with Gino and Max Jenkins\
000020.jpg,3123592,DEB0666,\2020-06-13 - Late Night Rendezvous with Gino and Max Jenkins\
000021.jpg,3341383,A8224521,\2020-06-13 - Late Night Rendezvous with Gino and Max Jenkins\
000022.jpg,3302818,C8179B79,\2020-06-13 - Late Night Rendezvous with Gino and Max Jenkins\
000023.jpg,3398212,7825BC87,\2020-06-13 - Late Night Rendezvous with Gino and Max Jenkins\
000024.jpg,3295049,DC56316F,\2020-06-13 - Late Night Rendezvous with Gino and Max Jenkins\
000025.jpg,3217119,7DC067F,\2020-06-13 - Late Night Rendezvous with Gino and Max Jenkins\
000026.jpg,3384523,982D2617,\2020-06-13 - Late Night Rendezvous with Gino and Max Jenkins\
000027.jpg,3479194,60D0B090,\2020-06-13 - Late Night Rendezvous with Gino and Max Jenkins\
000028.jpg,3537633,959E0BC8,\2020-06-13 - Late Night Rendezvous with Gino and Max Jenkins\
000029.jpg,3585232,EFC574EC,\2020-06-13 - Late Night Rendezvous with Gino and Max Jenkins\
000030.jpg,3696865,D5AB762,\2020-06-13 - Late Night Rendezvous with Gino and Max Jenkins\
000031.jpg,3607874,CEDF45C,\2020-06-13 - Late Night Rendezvous with Gino and Max Jenkins\
000032.jpg,3545489,9DAA759D,\2020-06-13 - Late Night Rendezvous with Gino and Max Jenkins\
000033.jpg,3431830,DFF990BE,\2020-06-13 - Late Night Rendezvous with Gino and Max Jenkins\
000034.jpg,3556287,C258C792,\2020-06-13 - Late Night Rendezvous with Gino and Max Jenkins\
000035.jpg,3577173,9F6EB73F,\2020-06-13 - Late Night Rendezvous with Gino and Max Jenkins\
000036.jpg,3269711,2065CF0F,\2020-06-13 - Late Night Rendezvous with Gino and Max Jenkins\
000037.jpg,3184142,7E4C3229,\2020-06-13 - Late Night Rendezvous with Gino and Max Jenkins\
000038.jpg,3310924,8F9A5F00,\2020-06-13 - Late Night Rendezvous with Gino and Max Jenkins\
000039.jpg,3221434,EFB26B94,\2020-06-13 - Late Night Rendezvous with Gino and Max Jenkins\
000040.jpg,3626243,73FAB9DF,\2020-06-13 - Late Night Rendezvous with Gino and Max Jenkins\
000041.jpg,3692606,9F84E886,\2020-06-13 - Late Night Rendezvous with Gino and Max Jenkins\
000042.jpg,3752322,70738281,\2020-06-13 - Late Night Rendezvous with Gino and Max Jenkins\
000043.jpg,3699035,4772128D,\2020-06-13 - Late Night Rendezvous with Gino and Max Jenkins\
000044.jpg,3642421,2C3384B4,\2020-06-13 - Late Night Rendezvous with Gino and Max Jenkins\
000045.jpg,3752160,3756D0AA,\2020-06-13 - Late Night Rendezvous with Gino and Max Jenkins\
000046.jpg,3704832,941D984A,\2020-06-13 - Late Night Rendezvous with Gino and Max Jenkins\
000047.jpg,3674328,3D7A8B56,\2020-06-13 - Late Night Rendezvous with Gino and Max Jenkins\
000048.jpg,3913359,59150515,\2020-06-13 - Late Night Rendezvous with Gino and Max Jenkins\
000049.jpg,3908344,AB268816,\2020-06-13 - Late Night Rendezvous with Gino and Max Jenkins\
000050.jpg,4035284,4279D9B7,\2020-06-13 - Late Night Rendezvous with Gino and Max Jenkins\
000051.jpg,3961090,4667D54F,\2020-06-13 - Late Night Rendezvous with Gino and Max Jenkins\
000052.jpg,3421059,2600049E,\2020-06-13 - Late Night Rendezvous with Gino and Max Jenkins\
000053.jpg,3623734,EF4FF8F1,\2020-06-13 - Late Night Rendezvous with Gino and Max Jenkins\
000054.jpg,3595911,33D576A8,\2020-06-13 - Late Night Rendezvous with Gino and Max Jenkins\
000055.jpg,3549078,9AF21B8C,\2020-06-13 - Late Night Rendezvous with Gino and Max Jenkins\
000056.jpg,3520680,BEF9DD59,\2020-06-13 - Late Night Rendezvous with Gino and Max Jenkins\
000057.jpg,3486123,6300958A,\2020-06-13 - Late Night Rendezvous with Gino and Max Jenkins\
000058.jpg,3465950,D2FCAC09,\2020-06-13 - Late Night Rendezvous with Gino and Max Jenkins\
000059.jpg,3839882,519B2D54,\2020-06-13 - Late Night Rendezvous with Gino and Max Jenkins\
000060.jpg,3881095,500CF4EB,\2020-06-13 - Late Night Rendezvous with Gino and Max Jenkins\
000061.jpg,3703493,482C003D,\2020-06-13 - Late Night Rendezvous with Gino and Max Jenkins\
000062.jpg,3771127,3CBE2AAC,\2020-06-13 - Late Night Rendezvous with Gino and Max Jenkins\
000063.jpg,3881991,5F94D266,\2020-06-13 - Late Night Rendezvous with Gino and Max Jenkins\
000064.jpg,3851479,689AD236,\2020-06-13 - Late Night Rendezvous with Gino and Max Jenkins\
000065.jpg,3898536,AFFE00B,\2020-06-13 - Late Night Rendezvous with Gino and Max Jenkins\
000066.jpg,3886602,4609C587,\2020-06-13 - Late Night Rendezvous with Gino and Max Jenkins\
000067.jpg,3680212,EF356FCD,\2020-06-13 - Late Night Rendezvous with Gino and Max Jenkins\
000068.jpg,3821878,7F3F6CB3,\2020-06-13 - Late Night Rendezvous with Gino and Max Jenkins\
000069.jpg,3627088,5851AACB,\2020-06-13 - Late Night Rendezvous with Gino and Max Jenkins\
000070.jpg,3603186,7A09A419,\2020-06-13 - Late Night Rendezvous with Gino and Max Jenkins\
000071.jpg,3702696,F26424AC,\2020-06-13 - Late Night Rendezvous with Gino and Max Jenkins\
000072.jpg,3758846,1511C80,\2020-06-13 - Late Night Rendezvous with Gino and Max Jenkins\
000073.jpg,3768722,80FF97D9,\2020-06-13 - Late Night Rendezvous with Gino and Max Jenkins\
000074.jpg,3762366,AE81267E,\2020-06-13 - Late Night Rendezvous with Gino and Max Jenkins\
000075.jpg,3723882,702B2034,\2020-06-13 - Late Night Rendezvous with Gino and Max Jenkins\
000076.jpg,3751438,8C0B0640,\2020-06-13 - Late Night Rendezvous with Gino and Max Jenkins\
000077.jpg,3995779,43FE3AB,\2020-06-13 - Late Night Rendezvous with Gino and Max Jenkins\
000078.jpg,3917392,2E11C029,\2020-06-13 - Late Night Rendezvous with Gino and Max Jenkins\
000079.jpg,3586625,78734C47,\2020-06-13 - Late Night Rendezvous with Gino and Max Jenkins\
000080.jpg,3643881,3FB27333,\2020-06-13 - Late Night Rendezvous with Gino and Max Jenkins\
000081.jpg,3770648,AD7ACE59,\2020-06-13 - Late Night Rendezvous with Gino and Max Jenkins\
000082.jpg,3721079,E051E29B,\2020-06-13 - Late Night Rendezvous with Gino and Max Jenkins\
000083.jpg,3653729,5AC3F521,\2020-06-13 - Late Night Rendezvous with Gino and Max Jenkins\
000084.jpg,3632847,FA80EB9F,\2020-06-13 - Late Night Rendezvous with Gino and Max Jenkins\
000085.jpg,3588544,DD6B13D,\2020-06-13 - Late Night Rendezvous with Gino and Max Jenkins\
000086.jpg,3455725,8B76FFFD,\2020-06-13 - Late Night Rendezvous with Gino and Max Jenkins\
000087.jpg,3540192,97637F28,\2020-06-13 - Late Night Rendezvous with Gino and Max Jenkins\
000088.jpg,3608022,66502616,\2020-06-13 - Late Night Rendezvous with Gino and Max Jenkins\
000089.jpg,3680729,13BD7709,\2020-06-13 - Late Night Rendezvous with Gino and Max Jenkins\
000090.jpg,3515955,7B1FF516,\2020-06-13 - Late Night Rendezvous with Gino and Max Jenkins\
000091.jpg,3394011,6D3CF3AF,\2020-06-13 - Late Night Rendezvous with Gino and Max Jenkins\
000092.jpg,3368654,42F2EB88,\2020-06-13 - Late Night Rendezvous with Gino and Max Jenkins\
000093.jpg,3364467,386B6BAC,\2020-06-13 - Late Night Rendezvous with Gino and Max Jenkins\
000094.jpg,3429495,DEC33CFB,\2020-06-13 - Late Night Rendezvous with Gino and Max Jenkins\
000095.jpg,3494239,1593FB53,\2020-06-13 - Late Night Rendezvous with Gino and Max Jenkins\
000096.jpg,3434260,7D6C9C3E,\2020-06-13 - Late Night Rendezvous with Gino and Max Jenkins\
000097.jpg,3459919,9BEAD4EB,\2020-06-13 - Late Night Rendezvous with Gino and Max Jenkins\
000098.jpg,3752346,478BB51E,\2020-06-13 - Late Night Rendezvous with Gino and Max Jenkins\
000099.jpg,3692930,2D0820E5,\2020-06-13 - Late Night Rendezvous with Gino and Max Jenkins\
000100.jpg,3493263,D3E4C7DC,\2020-06-13 - Late Night Rendezvous with Gino and Max Jenkins\
000101.jpg,3525235,45D5D9D5,\2020-06-13 - Late Night Rendezvous with Gino and Max Jenkins\
000102.jpg,3688376,9BD18B10,\2020-06-13 - Late Night Rendezvous with Gino and Max Jenkins\
000103.jpg,3673415,4661A822,\2020-06-13 - Late Night Rendezvous with Gino and Max Jenkins\
000104.jpg,3375227,B0993EA4,\2020-06-13 - Late Night Rendezvous with Gino and Max Jenkins\
000105.jpg,3331152,B2E24404,\2020-06-13 - Late Night Rendezvous with Gino and Max Jenkins\
000106.jpg,3239869,63DEDA63,\2020-06-13 - Late Night Rendezvous with Gino and Max Jenkins\
000107.jpg,3317525,973CBA4,\2020-06-13 - Late Night Rendezvous with Gino and Max Jenkins\
000108.jpg,3494260,F81D5B21,\2020-06-13 - Late Night Rendezvous with Gino and Max Jenkins\
000109.jpg,3432793,89856CFC,\2020-06-13 - Late Night Rendezvous with Gino and Max Jenkins\
000110.jpg,3555279,417E2A22,\2020-06-13 - Late Night Rendezvous with Gino and Max Jenkins\
000111.jpg,3534744,9CED4CDE,\2020-06-13 - Late Night Rendezvous with Gino and Max Jenkins\
000112.jpg,3741218,6B481303,\2020-06-13 - Late Night Rendezvous with Gino and Max Jenkins\
000113.jpg,3503072,C9004F80,\2020-06-13 - Late Night Rendezvous with Gino and Max Jenkins\
000114.jpg,3534402,9828E9D,\2020-06-13 - Late Night Rendezvous with Gino and Max Jenkins\
000115.jpg,3575043,AC812DB4,\2020-06-13 - Late Night Rendezvous with Gino and Max Jenkins\
000116.jpg,3698817,E7BE1036,\2020-06-13 - Late Night Rendezvous with Gino and Max Jenkins\
000117.jpg,3718837,AB741AA6,\2020-06-13 - Late Night Rendezvous with Gino and Max Jenkins\
000118.jpg,3750642,B1B47882,\2020-06-13 - Late Night Rendezvous with Gino and Max Jenkins\
000119.jpg,3656146,79E21B7,\2020-06-13 - Late Night Rendezvous with Gino and Max Jenkins\
000120.jpg,3819395,272CECD7,\2020-06-13 - Late Night Rendezvous with Gino and Max Jenkins\
000121.jpg,3443309,A7E23EE0,\2020-06-13 - Late Night Rendezvous with Gino and Max Jenkins\
000122.jpg,3415072,B9370612,\2020-06-13 - Late Night Rendezvous with Gino and Max Jenkins\
000123.jpg,3165816,2C40FE99,\2020-06-13 - Late Night Rendezvous with Gino and Max Jenkins\
000124.jpg,3116522,6B89EA25,\2020-06-13 - Late Night Rendezvous with Gino and Max Jenkins\
000125.jpg,3190093,25CB69B2,\2020-06-13 - Late Night Rendezvous with Gino and Max Jenkins\
000126.jpg,2710732,FB1C9D36,\2020-06-13 - Late Night Rendezvous with Gino and Max Jenkins\
000127.jpg,3760379,A71BA2E3,\2020-06-13 - Late Night Rendezvous with Gino and Max Jenkins\
000128.jpg,3672699,1F55E7D4,\2020-06-13 - Late Night Rendezvous with Gino and Max Jenkins\
000129.jpg,3517293,4E83284C,\2020-06-13 - Late Night Rendezvous with Gino and Max Jenkins\
000130.jpg,3539465,99598350,\2020-06-13 - Late Night Rendezvous with Gino and Max Jenkins\
000131.jpg,3466254,B5E6F522,\2020-06-13 - Late Night Rendezvous with Gino and Max Jenkins\
000132.jpg,3441709,8FDD7F49,\2020-06-13 - Late Night Rendezvous with Gino and Max Jenkins\
000133.jpg,3432913,69A6CA74,\2020-06-13 - Late Night Rendezvous with Gino and Max Jenkins\
000134.jpg,3488654,63E8DF85,\2020-06-13 - Late Night Rendezvous with Gino and Max Jenkins\
000135.jpg,3678887,D38F458F,\2020-06-13 - Late Night Rendezvous with Gino and Max Jenkins\
000136.jpg,3734862,82DBB37B,\2020-06-13 - Late Night Rendezvous with Gino and Max Jenkins\
000137.jpg,3804661,65C50A32,\2020-06-13 - Late Night Rendezvous with Gino and Max Jenkins\
000138.jpg,3778425,6DC195DF,\2020-06-13 - Late Night Rendezvous with Gino and Max Jenkins\
000139.jpg,3490426,633B6419,\2020-06-13 - Late Night Rendezvous with Gino and Max Jenkins\
000140.jpg,3479408,243F6B75,\2020-06-13 - Late Night Rendezvous with Gino and Max Jenkins\
000141.jpg,3599388,30A8AFF,\2020-06-13 - Late Night Rendezvous with Gino and Max Jenkins\
000142.jpg,3554052,2466FB91,\2020-06-13 - Late Night Rendezvous with Gino and Max Jenkins\
000143.jpg,3356049,FCBA6108,\2020-06-13 - Late Night Rendezvous with Gino and Max Jenkins\
000144.jpg,3451483,804E098F,\2020-06-13 - Late Night Rendezvous with Gino and Max Jenkins\
000145.jpg,3617988,BE2423BE,\2020-06-13 - Late Night Rendezvous with Gino and Max Jenkins\
000146.jpg,3607217,BD32230D,\2020-06-13 - Late Night Rendezvous with Gino and Max Jenkins\
000147.jpg,3592096,48AED164,\2020-06-13 - Late Night Rendezvous with Gino and Max Jenkins\
000148.jpg,3650103,7DD88731,\2020-06-13 - Late Night Rendezvous with Gino and Max Jenkins\
000149.jpg,3647429,97402002,\2020-06-13 - Late Night Rendezvous with Gino and Max Jenkins\
000150.jpg,3717126,4E7097AF,\2020-06-13 - Late Night Rendezvous with Gino and Max Jenkins\
000151.jpg,3716038,F749B082,\2020-06-13 - Late Night Rendezvous with Gino and Max Jenkins\
000152.jpg,3730424,7638F64A,\2020-06-13 - Late Night Rendezvous with Gino and Max Jenkins\
000153.jpg,3768041,F42C8816,\2020-06-13 - Late Night Rendezvous with Gino and Max Jenkins\
000154.jpg,3811836,9058E97,\2020-06-13 - Late Night Rendezvous with Gino and Max Jenkins\
000155.jpg,3583290,E633E218,\2020-06-13 - Late Night Rendezvous with Gino and Max Jenkins\
000156.jpg,3264545,E79DBAF2,\2020-06-13 - Late Night Rendezvous with Gino and Max Jenkins\
000157.jpg,3259570,17B812C3,\2020-06-13 - Late Night Rendezvous with Gino and Max Jenkins\
000158.jpg,3420787,8CD70D47,\2020-06-13 - Late Night Rendezvous with Gino and Max Jenkins\
000159.jpg,3345778,FA133EB3,\2020-06-13 - Late Night Rendezvous with Gino and Max Jenkins\
000160.jpg,3335607,98FCA69E,\2020-06-13 - Late Night Rendezvous with Gino and Max Jenkins\
000161.jpg,3349564,E1BBA662,\2020-06-13 - Late Night Rendezvous with Gino and Max Jenkins\
000162.jpg,3563777,D60E5D47,\2020-06-13 - Late Night Rendezvous with Gino and Max Jenkins\
000163.jpg,3605966,73E579AD,\2020-06-13 - Late Night Rendezvous with Gino and Max Jenkins\
000164.jpg,3664912,7D16C6DE,\2020-06-13 - Late Night Rendezvous with Gino and Max Jenkins\
000165.jpg,3669282,63A85D23,\2020-06-13 - Late Night Rendezvous with Gino and Max Jenkins\
000166.jpg,3603152,BD59C30D,\2020-06-13 - Late Night Rendezvous with Gino and Max Jenkins\
000167.jpg,3595041,93B94532,\2020-06-13 - Late Night Rendezvous with Gino and Max Jenkins\
000168.jpg,3624334,35633269,\2020-06-13 - Late Night Rendezvous with Gino and Max Jenkins\
000169.jpg,3621007,ECDD5517,\2020-06-13 - Late Night Rendezvous with Gino and Max Jenkins\
000170.jpg,3676926,512FAAEE,\2020-06-13 - Late Night Rendezvous with Gino and Max Jenkins\
000171.jpg,3275681,BB792D96,\2020-06-13 - Late Night Rendezvous with Gino and Max Jenkins\
000172.jpg,3437978,6E22A753,\2020-06-13 - Late Night Rendezvous with Gino and Max Jenkins\
000173.jpg,3408665,EA936208,\2020-06-13 - Late Night Rendezvous with Gino and Max Jenkins\
